,#PDB,partners,Protein-1,Protein-2,Mutation,ddG,PDB Res. (Angstroms),PDB R-value,PDB R-free,PDB pH,PDB T (K),PDB MolProbity clashscore,PDB DOI,Assay Name,Assay pH,Assay Temp (Celcius),mutant,chain,pdb_mutation
1,1AK4,A_D,huCyc-A,HIV-1 CAPSID (N-Term),D:A488G,2.49,2.36,0.23800000000000002,0.306,7,100,4.71, 10.1016/S0092-8674(00)81823-1,SPR,6.5,,A488G,D,1AK4.A488G
2,1AK4,A_D,huCyc-A,HIV-1 CAPSID (N-Term),D:A488V,0.6,2.36,0.23800000000000002,0.306,7,100,4.71, 10.1016/S0092-8674(00)81823-1,SPR,6.5,,A488V,D,1AK4.A488V
3,1AK4,A_D,huCyc-A,HIV-1 CAPSID (N-Term),D:A492G,0.41,2.36,0.23800000000000002,0.306,7,100,4.71, 10.1016/S0092-8674(00)81823-1,SPR,6.5,,A492G,D,1AK4.A492G
4,1AK4,A_D,huCyc-A,HIV-1 CAPSID (N-Term),D:A492V,0.19,2.36,0.23800000000000002,0.306,7,100,4.71, 10.1016/S0092-8674(00)81823-1,SPR,6.5,,A492V,D,1AK4.A492V
5,1AK4,A_D,huCyc-A,HIV-1 CAPSID (N-Term),D:G489A,1.91,2.36,0.23800000000000002,0.306,7,100,4.71, 10.1016/S0092-8674(00)81823-1,SPR,6.5,,G489A,D,1AK4.G489A
6,1AK4,A_D,huCyc-A,HIV-1 CAPSID (N-Term),D:G489V,2.86,2.36,0.23800000000000002,0.306,7,100,4.71, 10.1016/S0092-8674(00)81823-1,SPR,6.5,,G489V,D,1AK4.G489V
7,1AK4,A_D,huCyc-A,HIV-1 CAPSID (N-Term),D:H487A,0.84,2.36,0.23800000000000002,0.306,7,100,4.71, 10.1016/S0092-8674(00)81823-1,SPR,6.5,,H487A,D,1AK4.H487A
8,1AK4,A_D,huCyc-A,HIV-1 CAPSID (N-Term),D:H487Q,0.8,2.36,0.23800000000000002,0.306,7,100,4.71, 10.1016/S0092-8674(00)81823-1,SPR,6.5,,H487Q,D,1AK4.H487Q
9,1AK4,A_D,huCyc-A,HIV-1 CAPSID (N-Term),D:H487R,1.48,2.36,0.23800000000000002,0.306,7,100,4.71, 10.1016/S0092-8674(00)81823-1,SPR,6.5,,H487R,D,1AK4.H487R
10,1AK4,A_D,huCyc-A,HIV-1 CAPSID (N-Term),D:I491A,0.07,2.36,0.23800000000000002,0.306,7,100,4.71, 10.1016/S0092-8674(00)81823-1,SPR,6.5,,I491A,D,1AK4.I491A
11,1AK4,A_D,huCyc-A,HIV-1 CAPSID (N-Term),D:I491V,-0.17,2.36,0.23800000000000002,0.306,7,100,4.71, 10.1016/S0092-8674(00)81823-1,SPR,6.5,,I491V,D,1AK4.I491V
12,1AK4,A_D,huCyc-A,HIV-1 CAPSID (N-Term),D:P485A,0.92,2.36,0.23800000000000002,0.306,7,100,4.71, 10.1016/S0092-8674(00)81823-1,SPR,6.5,,P485A,D,1AK4.P485A
13,1AK4,A_D,huCyc-A,HIV-1 CAPSID (N-Term),D:P490A,2.0,2.36,0.23800000000000002,0.306,7,100,4.71, 10.1016/S0092-8674(00)81823-1,SPR,6.5,,P490A,D,1AK4.P490A
14,1AK4,A_D,huCyc-A,HIV-1 CAPSID (N-Term),D:P490V,2.86,2.36,0.23800000000000002,0.306,7,100,4.71, 10.1016/S0092-8674(00)81823-1,SPR,6.5,,P490V,D,1AK4.P490V
15,1AK4,A_D,huCyc-A,HIV-1 CAPSID (N-Term),D:P493A,0.51,2.36,0.23800000000000002,0.306,7,100,4.71, 10.1016/S0092-8674(00)81823-1,SPR,6.5,,P493A,D,1AK4.P493A
16,1AK4,A_D,huCyc-A,HIV-1 CAPSID (N-Term),D:V486A,0.82,2.36,0.23800000000000002,0.306,7,100,4.71, 10.1016/S0092-8674(00)81823-1,SPR,6.5,,V486A,D,1AK4.V486A
17,1BJ1,HL_VW,VEGF,Neutralizing mAb (fab-12),V:F17A,0.0,2.4,0.196,0.266,6,100,4.34, 10.1016/S0969-2126(98)00116-6,SPR,,37.0,F17A,V,1BJ1.F17A
18,1BJ1,HL_VW,VEGF,Neutralizing mAb (fab-12),V:Y21A,0.0,2.4,0.196,0.266,6,100,4.34, 10.1016/S0969-2126(98)00116-6,SPR,,37.0,Y21A,V,1BJ1.Y21A
19,1BJ1,HL_VW,VEGF,Neutralizing mAb (fab-12),W:E93A,0.82,2.4,0.196,0.266,6,100,4.34, 10.1016/S0969-2126(98)00116-6,SPR,,37.0,E93A,W,1BJ1.E93A
20,1BJ1,HL_VW,VEGF,Neutralizing mAb (fab-12),W:G88A,2.76,2.4,0.196,0.266,6,100,4.34, 10.1016/S0969-2126(98)00116-6,SPR,,37.0,G88A,W,1BJ1.G88A
21,1BJ1,HL_VW,VEGF,Neutralizing mAb (fab-12),W:G92A,3.69,2.4,0.196,0.266,6,100,4.34, 10.1016/S0969-2126(98)00116-6,SPR,,37.0,G92A,W,1BJ1.G92A
22,1BJ1,HL_VW,VEGF,Neutralizing mAb (fab-12),W:H86A,0.0,2.4,0.196,0.266,6,100,4.34, 10.1016/S0969-2126(98)00116-6,SPR,,37.0,H86A,W,1BJ1.H86A
23,1BJ1,HL_VW,VEGF,Neutralizing mAb (fab-12),W:H90A,0.0,2.4,0.196,0.266,6,100,4.34, 10.1016/S0969-2126(98)00116-6,SPR,,37.0,H90A,W,1BJ1.H90A
24,1BJ1,HL_VW,VEGF,Neutralizing mAb (fab-12),W:I80A,0.82,2.4,0.196,0.266,6,100,4.34, 10.1016/S0969-2126(98)00116-6,SPR,,37.0,I80A,W,1BJ1.I80A
25,1BJ1,HL_VW,VEGF,Neutralizing mAb (fab-12),W:I83A,3.69,2.4,0.196,0.266,6,100,4.34, 10.1016/S0969-2126(98)00116-6,SPR,,37.0,I83A,W,1BJ1.I83A
26,1BJ1,HL_VW,VEGF,Neutralizing mAb (fab-12),W:I91A,0.41,2.4,0.196,0.266,6,100,4.34, 10.1016/S0969-2126(98)00116-6,SPR,,37.0,I91A,W,1BJ1.I91A
27,1BJ1,HL_VW,VEGF,Neutralizing mAb (fab-12),W:K48A,0.41,2.4,0.196,0.266,6,100,4.34, 10.1016/S0969-2126(98)00116-6,SPR,,37.0,K48A,W,1BJ1.K48A
28,1BJ1,HL_VW,VEGF,Neutralizing mAb (fab-12),W:K84A,0.65,2.4,0.196,0.266,6,100,4.34, 10.1016/S0969-2126(98)00116-6,SPR,,37.0,K84A,W,1BJ1.K84A
29,1BJ1,HL_VW,VEGF,Neutralizing mAb (fab-12),W:M81A,3.69,2.4,0.196,0.266,6,100,4.34, 10.1016/S0969-2126(98)00116-6,SPR,,37.0,M81A,W,1BJ1.M81A
30,1BJ1,HL_VW,VEGF,Neutralizing mAb (fab-12),W:M94A,1.42,2.4,0.196,0.266,6,100,4.34, 10.1016/S0969-2126(98)00116-6,SPR,,37.0,M94A,W,1BJ1.M94A
31,1BJ1,HL_VW,VEGF,Neutralizing mAb (fab-12),W:Q79A,0.0,2.4,0.196,0.266,6,100,4.34, 10.1016/S0969-2126(98)00116-6,SPR,,37.0,Q79A,W,1BJ1.Q79A
32,1BJ1,HL_VW,VEGF,Neutralizing mAb (fab-12),W:Q87A,0.0,2.4,0.196,0.266,6,100,4.34, 10.1016/S0969-2126(98)00116-6,SPR,,37.0,Q87A,W,1BJ1.Q87A
33,1BJ1,HL_VW,VEGF,Neutralizing mAb (fab-12),W:Q89A,1.75,2.4,0.196,0.266,6,100,4.34, 10.1016/S0969-2126(98)00116-6,SPR,,37.0,Q89A,W,1BJ1.Q89A
34,1BJ1,HL_VW,VEGF,Neutralizing mAb (fab-12),W:R82A,3.69,2.4,0.196,0.266,6,100,4.34, 10.1016/S0969-2126(98)00116-6,SPR,,37.0,R82A,W,1BJ1.R82A
35,1BJ1,HL_VW,VEGF,Neutralizing mAb (fab-12),W:Y45A,0.82,2.4,0.196,0.266,6,100,4.34, 10.1016/S0969-2126(98)00116-6,SPR,,37.0,Y45A,W,1BJ1.Y45A
36,1CZ8,HL_VW,VEGF,affinity matured mAb (Y0317),V:F17A,0.0,2.4,0.20800000000000002,0.267,6,100,21.64, 10.1006/JMBI.1999.3192,SPR,,37.0,F17A,V,1CZ8.F17A
37,1CZ8,HL_VW,VEGF,affinity matured mAb (Y0317),V:Y21A,0.0,2.4,0.20800000000000002,0.267,6,100,21.64, 10.1006/JMBI.1999.3192,SPR,,37.0,Y21A,V,1CZ8.Y21A
38,1CZ8,HL_VW,VEGF,affinity matured mAb (Y0317),W:E93A,1.15,2.4,0.20800000000000002,0.267,6,100,21.64, 10.1006/JMBI.1999.3192,SPR,,37.0,E93A,W,1CZ8.E93A
39,1CZ8,HL_VW,VEGF,affinity matured mAb (Y0317),W:G88A,2.67,2.4,0.20800000000000002,0.267,6,100,21.64, 10.1006/JMBI.1999.3192,SPR,,37.0,G88A,W,1CZ8.G88A
40,1CZ8,HL_VW,VEGF,affinity matured mAb (Y0317),W:G92A,4.1,2.4,0.20800000000000002,0.267,6,100,21.64, 10.1006/JMBI.1999.3192,SPR,,37.0,G92A,W,1CZ8.G92A
41,1CZ8,HL_VW,VEGF,affinity matured mAb (Y0317),W:H86A,0.0,2.4,0.20800000000000002,0.267,6,100,21.64, 10.1006/JMBI.1999.3192,SPR,,37.0,H86A,W,1CZ8.H86A
42,1CZ8,HL_VW,VEGF,affinity matured mAb (Y0317),W:H90A,0.0,2.4,0.20800000000000002,0.267,6,100,21.64, 10.1006/JMBI.1999.3192,SPR,,37.0,H90A,W,1CZ8.H90A
43,1CZ8,HL_VW,VEGF,affinity matured mAb (Y0317),W:I80A,0.95,2.4,0.20800000000000002,0.267,6,100,21.64, 10.1006/JMBI.1999.3192,SPR,,37.0,I80A,W,1CZ8.I80A
44,1CZ8,HL_VW,VEGF,affinity matured mAb (Y0317),W:I83A,1.3,2.4,0.20800000000000002,0.267,6,100,21.64, 10.1006/JMBI.1999.3192,SPR,,37.0,I83A,W,1CZ8.I83A
45,1CZ8,HL_VW,VEGF,affinity matured mAb (Y0317),W:I91A,1.06,2.4,0.20800000000000002,0.267,6,100,21.64, 10.1006/JMBI.1999.3192,SPR,,37.0,I91A,W,1CZ8.I91A
46,1CZ8,HL_VW,VEGF,affinity matured mAb (Y0317),W:K48A,0.0,2.4,0.20800000000000002,0.267,6,100,21.64, 10.1006/JMBI.1999.3192,SPR,,37.0,K48A,W,1CZ8.K48A
47,1CZ8,HL_VW,VEGF,affinity matured mAb (Y0317),W:K84A,1.36,2.4,0.20800000000000002,0.267,6,100,21.64, 10.1006/JMBI.1999.3192,SPR,,37.0,K84A,W,1CZ8.K84A
48,1CZ8,HL_VW,VEGF,affinity matured mAb (Y0317),W:M81A,4.1,2.4,0.20800000000000002,0.267,6,100,21.64, 10.1006/JMBI.1999.3192,SPR,,37.0,M81A,W,1CZ8.M81A
49,1CZ8,HL_VW,VEGF,affinity matured mAb (Y0317),W:M94A,1.91,2.4,0.20800000000000002,0.267,6,100,21.64, 10.1006/JMBI.1999.3192,SPR,,37.0,M94A,W,1CZ8.M94A
50,1CZ8,HL_VW,VEGF,affinity matured mAb (Y0317),W:Q79A,0.65,2.4,0.20800000000000002,0.267,6,100,21.64, 10.1006/JMBI.1999.3192,SPR,,37.0,Q79A,W,1CZ8.Q79A
51,1CZ8,HL_VW,VEGF,affinity matured mAb (Y0317),W:Q87A,0.0,2.4,0.20800000000000002,0.267,6,100,21.64, 10.1006/JMBI.1999.3192,SPR,,37.0,Q87A,W,1CZ8.Q87A
52,1CZ8,HL_VW,VEGF,affinity matured mAb (Y0317),W:Q89A,1.06,2.4,0.20800000000000002,0.267,6,100,21.64, 10.1006/JMBI.1999.3192,SPR,,37.0,Q89A,W,1CZ8.Q89A
53,1CZ8,HL_VW,VEGF,affinity matured mAb (Y0317),W:R82A,0.82,2.4,0.20800000000000002,0.267,6,100,21.64, 10.1006/JMBI.1999.3192,SPR,,37.0,R82A,W,1CZ8.R82A
54,1CZ8,HL_VW,VEGF,affinity matured mAb (Y0317),W:Y45A,1.94,2.4,0.20800000000000002,0.267,6,100,21.64, 10.1006/JMBI.1999.3192,SPR,,37.0,Y45A,W,1CZ8.Y45A
68,1DQJ,C_HL,HYHEL-63,Lysozyme,C:D101A,1.3,2.0,0.217,0.25,4.6,298,10.15, 10.1021/BI000054L,SPR,7.5,25.0,D101A,C,1DQJ.D101A
69,1DQJ,C_HL,HYHEL-63,Lysozyme,C:K96A,6.1,2.0,0.217,0.25,4.6,298,10.15, 10.1021/BI000054L,SPR,7.5,25.0,K96A,C,1DQJ.K96A
70,1DQJ,C_HL,HYHEL-63,Lysozyme,C:K97A,3.5,2.0,0.217,0.25,4.6,298,10.15, 10.1021/BI000054L,SPR,7.5,25.0,K97A,C,1DQJ.K97A
71,1DQJ,C_HL,HYHEL-63,Lysozyme,C:L75A,1.5,2.0,0.217,0.25,4.6,298,10.15, 10.1021/BI000054L,SPR,7.5,25.0,L75A,C,1DQJ.L75A
72,1DQJ,C_HL,HYHEL-63,Lysozyme,C:N93A,0.6,2.0,0.217,0.25,4.6,298,10.15, 10.1021/BI000054L,SPR,7.5,25.0,N93A,C,1DQJ.N93A
73,1DQJ,C_HL,HYHEL-63,Lysozyme,C:R21A,1.3,2.0,0.217,0.25,4.6,298,10.15, 10.1021/BI000054L,SPR,7.5,25.0,R21A,C,1DQJ.R21A
74,1DQJ,C_HL,HYHEL-63,Lysozyme,C:S100A,0.8,2.0,0.217,0.25,4.6,298,10.15, 10.1021/BI000054L,SPR,7.5,25.0,S100A,C,1DQJ.S100A
75,1DQJ,C_HL,HYHEL-63,Lysozyme,C:T89A,0.8,2.0,0.217,0.25,4.6,298,10.15, 10.1021/BI000054L,SPR,7.5,25.0,T89A,C,1DQJ.T89A
76,1DQJ,C_HL,HYHEL-63,Lysozyme,C:W62A,0.8,2.0,0.217,0.25,4.6,298,10.15, 10.1021/BI000054L,SPR,7.5,25.0,W62A,C,1DQJ.W62A
77,1DQJ,C_HL,HYHEL-63,Lysozyme,C:W63A,1.3,2.0,0.217,0.25,4.6,298,10.15, 10.1021/BI000054L,SPR,7.5,25.0,W63A,C,1DQJ.W63A
78,1DQJ,C_HL,HYHEL-63,Lysozyme,C:Y20A,3.3,2.0,0.217,0.25,4.6,298,10.15, 10.1021/BI000054L,SPR,7.5,25.0,Y20A,C,1DQJ.Y20A
79,1DQJ,C_HL,HYHEL-63,Lysozyme,H:D32A,2.0,2.0,0.217,0.25,4.6,298,10.15, 10.1021/BI000054L,SPR,7.5,25.0,D32A,H,1DQJ.D32A
80,1DQJ,C_HL,HYHEL-63,Lysozyme,H:W98A,4.9,2.0,0.217,0.25,4.6,298,10.15, 10.1021/BI000054L,SPR,7.5,25.0,W98A,H,1DQJ.W98A
81,1DQJ,C_HL,HYHEL-63,Lysozyme,H:Y33A,5.5,2.0,0.217,0.25,4.6,298,10.15, 10.1021/BI000054L,SPR,7.5,25.0,Y33A,H,1DQJ.Y33A
82,1DQJ,C_HL,HYHEL-63,Lysozyme,H:Y50A,6.9,2.0,0.217,0.25,4.6,298,10.15, 10.1021/BI000054L,SPR,7.5,25.0,Y50A,H,1DQJ.Y50A
83,1DQJ,C_HL,HYHEL-63,Lysozyme,H:Y53A,1.2,2.0,0.217,0.25,4.6,298,10.15, 10.1021/BI000054L,SPR,7.5,25.0,Y53A,H,1DQJ.Y53A
84,1DQJ,C_HL,HYHEL-63,Lysozyme,L:N31A,2.0,2.0,0.217,0.25,4.6,298,10.15, 10.1021/BI000054L,SPR,7.5,25.0,N31A,L,1DQJ.N31A
85,1DQJ,C_HL,HYHEL-63,Lysozyme,L:N32A,4.1,2.0,0.217,0.25,4.6,298,10.15, 10.1021/BI000054L,SPR,7.5,25.0,N32A,L,1DQJ.N32A
86,1DQJ,C_HL,HYHEL-63,Lysozyme,L:S91A,1.4,2.0,0.217,0.25,4.6,298,10.15, 10.1021/BI000054L,SPR,7.5,25.0,S91A,L,1DQJ.S91A
87,1DQJ,C_HL,HYHEL-63,Lysozyme,L:Y50A,2.7,2.0,0.217,0.25,4.6,298,10.15, 10.1021/BI000054L,SPR,7.5,25.0,Y50A,L,1DQJ.Y50A
88,1DQJ,C_HL,HYHEL-63,Lysozyme,L:Y96A,1.1,2.0,0.217,0.25,4.6,298,10.15, 10.1021/BI000054L,SPR,7.5,25.0,Y96A,L,1DQJ.Y96A
102,1DVF,AB_CD,IgG1-kappa D1.3 Fv,E5.2 Fv,A:H30A,1.67,1.9,0.19399999999999998,0.249,na,na,12.65,�10.1006/JMBI.1996.0629���,SPR,7.5,25.0,H30A,A,1DVF.H30A
103,1DVF,AB_CD,IgG1-kappa D1.3 Fv,E5.2 Fv,A:S93A,1.17,1.9,0.19399999999999998,0.249,na,na,12.65,�10.1006/JMBI.1996.0629���,SPR,7.5,25.0,S93A,A,1DVF.S93A
104,1DVF,AB_CD,IgG1-kappa D1.3 Fv,E5.2 Fv,A:W92A,0.34,1.9,0.19399999999999998,0.249,na,na,12.65,�10.1006/JMBI.1996.0629���,SPR,7.5,25.0,W92A,A,1DVF.W92A
105,1DVF,AB_CD,IgG1-kappa D1.3 Fv,E5.2 Fv,A:Y32A,2.05,1.9,0.19399999999999998,0.249,na,na,12.65,�10.1006/JMBI.1996.0629���,SPR,7.5,25.0,Y32A,A,1DVF.Y32A
107,1DVF,AB_CD,IgG1-kappa D1.3 Fv,E5.2 Fv,A:Y49A,1.75,1.9,0.19399999999999998,0.249,na,na,12.65,�10.1006/JMBI.1996.0629���,SPR,7.5,25.0,Y49A,A,1DVF.Y49A
108,1DVF,AB_CD,IgG1-kappa D1.3 Fv,E5.2 Fv,A:Y50A,0.69,1.9,0.19399999999999998,0.249,na,na,12.65,�10.1006/JMBI.1996.0629���,SPR,7.5,25.0,Y50A,A,1DVF.Y50A
109,1DVF,AB_CD,IgG1-kappa D1.3 Fv,E5.2 Fv,B:D100A,2.82,1.9,0.19399999999999998,0.249,na,na,12.65,�10.1006/JMBI.1996.0629���,SPR,7.5,25.0,D100A,B,1DVF.D100A
110,1DVF,AB_CD,IgG1-kappa D1.3 Fv,E5.2 Fv,B:D54A,4.32,1.9,0.19399999999999998,0.249,na,na,12.65,�10.1006/JMBI.1996.0629���,SPR,7.5,25.0,D54A,B,1DVF.D54A
111,1DVF,AB_CD,IgG1-kappa D1.3 Fv,E5.2 Fv,B:D58A,1.62,1.9,0.19399999999999998,0.249,na,na,12.65,�10.1006/JMBI.1996.0629���,SPR,7.5,25.0,D58A,B,1DVF.D58A
112,1DVF,AB_CD,IgG1-kappa D1.3 Fv,E5.2 Fv,B:E98A,4.23,1.9,0.19399999999999998,0.249,na,na,12.65,�10.1006/JMBI.1996.0629���,SPR,7.5,25.0,E98A,B,1DVF.E98A
113,1DVF,AB_CD,IgG1-kappa D1.3 Fv,E5.2 Fv,B:N56A,1.17,1.9,0.19399999999999998,0.249,na,na,12.65,�10.1006/JMBI.1996.0629���,SPR,7.5,25.0,N56A,B,1DVF.N56A
114,1DVF,AB_CD,IgG1-kappa D1.3 Fv,E5.2 Fv,B:R99A,1.89,1.9,0.19399999999999998,0.249,na,na,12.65,�10.1006/JMBI.1996.0629���,SPR,7.5,25.0,R99A,B,1DVF.R99A
115,1DVF,AB_CD,IgG1-kappa D1.3 Fv,E5.2 Fv,B:T30A,0.92,1.9,0.19399999999999998,0.249,na,na,12.65,�10.1006/JMBI.1996.0629���,SPR,7.5,25.0,T30A,B,1DVF.T30A
116,1DVF,AB_CD,IgG1-kappa D1.3 Fv,E5.2 Fv,B:W52A,4.17,1.9,0.19399999999999998,0.249,na,na,12.65,�10.1006/JMBI.1996.0629���,SPR,7.5,25.0,W52A,B,1DVF.W52A
117,1DVF,AB_CD,IgG1-kappa D1.3 Fv,E5.2 Fv,B:Y101F,2.03,1.9,0.19399999999999998,0.249,na,na,12.65,�10.1006/JMBI.1996.0629���,SPR,7.5,25.0,Y101F,B,1DVF.Y101F
118,1DVF,AB_CD,IgG1-kappa D1.3 Fv,E5.2 Fv,B:Y32A,1.85,1.9,0.19399999999999998,0.249,na,na,12.65,�10.1006/JMBI.1996.0629���,SPR,7.5,25.0,Y32A,B,1DVF.Y32A
119,1DVF,AB_CD,IgG1-kappa D1.3 Fv,E5.2 Fv,C:Y49A,1.88,1.9,0.19399999999999998,0.249,na,na,12.65,�10.1006/JMBI.1996.0629���,SPR,7.5,25.0,Y49A,C,1DVF.Y49A
120,1DVF,AB_CD,IgG1-kappa D1.3 Fv,E5.2 Fv,D:D52A,1.7,1.9,0.19399999999999998,0.249,na,na,12.65,�10.1006/JMBI.1996.0629���,SPR,7.5,25.0,D52A,D,1DVF.D52A
121,1DVF,AB_CD,IgG1-kappa D1.3 Fv,E5.2 Fv,D:H33A,1.88,1.9,0.19399999999999998,0.249,na,na,12.65,�10.1006/JMBI.1996.0629���,SPR,7.5,25.0,H33A,D,1DVF.H33A
122,1DVF,AB_CD,IgG1-kappa D1.3 Fv,E5.2 Fv,D:I101A,2.71,1.9,0.19399999999999998,0.249,na,na,12.65,�10.1006/JMBI.1996.0629���,SPR,7.5,25.0,I101A,D,1DVF.I101A
123,1DVF,AB_CD,IgG1-kappa D1.3 Fv,E5.2 Fv,D:K30A,1.01,1.9,0.19399999999999998,0.249,na,na,12.65,�10.1006/JMBI.1996.0629���,SPR,7.5,25.0,K30A,D,1DVF.K30A
124,1DVF,AB_CD,IgG1-kappa D1.3 Fv,E5.2 Fv,D:N55A,1.88,1.9,0.19399999999999998,0.249,na,na,12.65,�10.1006/JMBI.1996.0629���,SPR,7.5,25.0,N55A,D,1DVF.N55A
125,1DVF,AB_CD,IgG1-kappa D1.3 Fv,E5.2 Fv,D:Q104A,1.64,1.9,0.19399999999999998,0.249,na,na,12.65,�10.1006/JMBI.1996.0629���,SPR,7.5,25.0,Q104A,D,1DVF.Q104A
126,1DVF,AB_CD,IgG1-kappa D1.3 Fv,E5.2 Fv,D:R106A,4.13,1.9,0.19399999999999998,0.249,na,na,12.65,�10.1006/JMBI.1996.0629���,SPR,7.5,25.0,R106A,D,1DVF.R106A
127,1DVF,AB_CD,IgG1-kappa D1.3 Fv,E5.2 Fv,D:Y102A,4.79,1.9,0.19399999999999998,0.249,na,na,12.65,�10.1006/JMBI.1996.0629���,SPR,7.5,25.0,Y102A,D,1DVF.Y102A
128,1FFW,A_B,CHEA,CHEY,A:A90V,0.09,2.7,0.213,0.273,5.5,298,8.28, 10.1107/S090744490001492X,ELISA,7.9,25.0,A90V,A,1FFW.A90V
129,1FFW,A_B,CHEA,CHEY,A:D13K,0.05,2.7,0.213,0.273,5.5,298,8.28, 10.1107/S090744490001492X,ELISA,7.9,25.0,D13K,A,1FFW.D13K
130,1FFW,A_B,CHEA,CHEY,A:E117K,0.71,2.7,0.213,0.273,5.5,298,8.28, 10.1107/S090744490001492X,ELISA,7.9,25.0,E117K,A,1FFW.E117K
131,1FFW,A_B,CHEA,CHEY,A:E93K,0.82,2.7,0.213,0.273,5.5,298,8.28, 10.1107/S090744490001492X,ELISA,7.9,25.0,E93K,A,1FFW.E93K
132,1FFW,A_B,CHEA,CHEY,A:F111V,1.26,2.7,0.213,0.273,5.5,298,8.28, 10.1107/S090744490001492X,ELISA,7.9,25.0,F111V,A,1FFW.F111V
133,1FFW,A_B,CHEA,CHEY,A:T112I,0.56,2.7,0.213,0.273,5.5,298,8.28, 10.1107/S090744490001492X,ELISA,7.9,25.0,T112I,A,1FFW.T112I
134,1FFW,A_B,CHEA,CHEY,A:T87I,-0.32,2.7,0.213,0.273,5.5,298,8.28, 10.1107/S090744490001492X,ELISA,7.9,25.0,T87I,A,1FFW.T87I
135,1FFW,A_B,CHEA,CHEY,A:V108M,1.13,2.7,0.213,0.273,5.5,298,8.28, 10.1107/S090744490001492X,ELISA,7.9,25.0,V108M,A,1FFW.V108M
136,1FFW,A_B,CHEA,CHEY,A:Y106W,0.71,2.7,0.213,0.273,5.5,298,8.28, 10.1107/S090744490001492X,ELISA,7.9,25.0,Y106W,A,1FFW.Y106W
146,1JRH,HL_I,A6 fab,IFNgammaR1-108,I:E45Q,0.11,2.8,0.24600000000000002,0.314,5.5,120,14.75, 10.1006/JMBI.1997.1336,SPR,7.2,25.0,E45Q,I,1JRH.E45Q
147,1JRH,HL_I,A6 fab,IFNgammaR1-108,I:T14V,-0.02,2.8,0.24600000000000002,0.314,5.5,120,14.75, 10.1006/JMBI.1997.1336,SPR,7.2,25.0,T14V,I,1JRH.T14V
174,1JTG,A_B,TEM-1 Beta-Lactamase,Beta-Lactamase inhibitor,A:K234A,0.82,1.73,0.17300000000000001,0.205,8.8,298,3.8, 10.1038/NSB1001-848,SPR,25,25.0,K234A,A,1JTG.K234A
175,1JTG,A_B,TEM-1 Beta-Lactamase,Beta-Lactamase inhibitor,A:R243A,0.56,1.73,0.17300000000000001,0.205,8.8,298,3.8, 10.1038/NSB1001-848,SPR,25,25.0,R243A,A,1JTG.R243A
176,1JTG,A_B,TEM-1 Beta-Lactamase,Beta-Lactamase inhibitor,A:S130A,0.5,1.73,0.17300000000000001,0.205,8.8,298,3.8, 10.1038/NSB1001-848,SPR,25,25.0,S130A,A,1JTG.S130A
177,1JTG,A_B,TEM-1 Beta-Lactamase,Beta-Lactamase inhibitor,A:S235A,1.32,1.73,0.17300000000000001,0.205,8.8,298,3.8, 10.1038/NSB1001-848,SPR,25,25.0,S235A,A,1JTG.S235A
178,1JTG,A_B,TEM-1 Beta-Lactamase,Beta-Lactamase inhibitor,B:D49A,1.98,1.73,0.17300000000000001,0.205,8.8,298,3.8, 10.1038/NSB1001-848,SPR,25,25.0,D49A,B,1JTG.D49A
179,1KTZ,A_B,TGF-beta type-II R,TGF-beta3,B:D118A,0.9,2.15,0.201,0.215,na,100,4.46, 10.1038/NSB766,SPR,7.4,25.0,D118A,B,1KTZ.D118A
180,1KTZ,A_B,TGF-beta type-II R,TGF-beta3,B:D32A,1.4,2.15,0.201,0.215,na,100,4.46, 10.1038/NSB766,SPR,7.4,25.0,D32A,B,1KTZ.D32A
181,1KTZ,A_B,TGF-beta type-II R,TGF-beta3,B:D32N,1.7,2.15,0.201,0.215,na,100,4.46, 10.1038/NSB766,SPR,7.4,25.0,D32N,B,1KTZ.D32N
182,1KTZ,A_B,TGF-beta type-II R,TGF-beta3,B:E119A,1.4,2.15,0.201,0.215,na,100,4.46, 10.1038/NSB766,SPR,7.4,25.0,E119A,B,1KTZ.E119A
183,1KTZ,A_B,TGF-beta type-II R,TGF-beta3,B:E119Q,1.7,2.15,0.201,0.215,na,100,4.46, 10.1038/NSB766,SPR,7.4,25.0,E119Q,B,1KTZ.E119Q
184,1KTZ,A_B,TGF-beta type-II R,TGF-beta3,B:E55A,1.3,2.15,0.201,0.215,na,100,4.46, 10.1038/NSB766,SPR,7.4,25.0,E55A,B,1KTZ.E55A
185,1KTZ,A_B,TGF-beta type-II R,TGF-beta3,B:E75A,1.0,2.15,0.201,0.215,na,100,4.46, 10.1038/NSB766,SPR,7.4,25.0,E75A,B,1KTZ.E75A
186,1KTZ,A_B,TGF-beta type-II R,TGF-beta3,B:F110A,0.9,2.15,0.201,0.215,na,100,4.46, 10.1038/NSB766,SPR,7.4,25.0,F110A,B,1KTZ.F110A
187,1KTZ,A_B,TGF-beta type-II R,TGF-beta3,B:F30A,2.9,2.15,0.201,0.215,na,100,4.46, 10.1038/NSB766,SPR,7.4,25.0,F30A,B,1KTZ.F30A
188,1KTZ,A_B,TGF-beta type-II R,TGF-beta3,B:H79A,0.4,2.15,0.201,0.215,na,100,4.46, 10.1038/NSB766,SPR,7.4,25.0,H79A,B,1KTZ.H79A
189,1KTZ,A_B,TGF-beta type-II R,TGF-beta3,B:I125A,0.5,2.15,0.201,0.215,na,100,4.46, 10.1038/NSB766,SPR,7.4,25.0,I125A,B,1KTZ.I125A
190,1KTZ,A_B,TGF-beta type-II R,TGF-beta3,B:I50A,1.9,2.15,0.201,0.215,na,100,4.46, 10.1038/NSB766,SPR,7.4,25.0,I50A,B,1KTZ.I50A
191,1KTZ,A_B,TGF-beta type-II R,TGF-beta3,B:I53A,1.2,2.15,0.201,0.215,na,100,4.46, 10.1038/NSB766,SPR,7.4,25.0,I53A,B,1KTZ.I53A
192,1KTZ,A_B,TGF-beta type-II R,TGF-beta3,B:L27A,1.9,2.15,0.201,0.215,na,100,4.46, 10.1038/NSB766,SPR,7.4,25.0,L27A,B,1KTZ.L27A
193,1KTZ,A_B,TGF-beta type-II R,TGF-beta3,B:M112A,0.8,2.15,0.201,0.215,na,100,4.46, 10.1038/NSB766,SPR,7.4,25.0,M112A,B,1KTZ.M112A
194,1KTZ,A_B,TGF-beta type-II R,TGF-beta3,B:N47A,0.3,2.15,0.201,0.215,na,100,4.46, 10.1038/NSB766,SPR,7.4,25.0,N47A,B,1KTZ.N47A
195,1KTZ,A_B,TGF-beta type-II R,TGF-beta3,B:S49A,0.5,2.15,0.201,0.215,na,100,4.46, 10.1038/NSB766,SPR,7.4,25.0,S49A,B,1KTZ.S49A
196,1KTZ,A_B,TGF-beta type-II R,TGF-beta3,B:S52A,0.4,2.15,0.201,0.215,na,100,4.46, 10.1038/NSB766,SPR,7.4,25.0,S52A,B,1KTZ.S52A
197,1KTZ,A_B,TGF-beta type-II R,TGF-beta3,B:S52L,3.7,2.15,0.201,0.215,na,100,4.46, 10.1038/NSB766,SPR,7.4,25.0,S52L,B,1KTZ.S52L
198,1KTZ,A_B,TGF-beta type-II R,TGF-beta3,B:T51A,1.3,2.15,0.201,0.215,na,100,4.46, 10.1038/NSB766,SPR,7.4,25.0,T51A,B,1KTZ.T51A
199,1KTZ,A_B,TGF-beta type-II R,TGF-beta3,B:V62A,0.7,2.15,0.201,0.215,na,100,4.46, 10.1038/NSB766,SPR,7.4,25.0,V62A,B,1KTZ.V62A
200,1KTZ,A_B,TGF-beta type-II R,TGF-beta3,B:V77A,0.5,2.15,0.201,0.215,na,100,4.46, 10.1038/NSB766,SPR,7.4,25.0,V77A,B,1KTZ.V77A
226,1MHP,A_HL,Integrin-I,Neutralizing hu-FAB,H:F99W,0.0,2.8,0.222,0.272,7.4,100,25.4, 10.1016/S0022-2836(03)00203-1,ELISA,,25.0,F99W,H,1MHP.F99W
227,1MHP,A_HL,Integrin-I,Neutralizing hu-FAB,H:F99Y,0.76,2.8,0.222,0.272,7.4,100,25.4, 10.1016/S0022-2836(03)00203-1,ELISA,,25.0,F99Y,H,1MHP.F99Y
228,1MHP,A_HL,Integrin-I,Neutralizing hu-FAB,H:G100F,0.57,2.8,0.222,0.272,7.4,100,25.4, 10.1016/S0022-2836(03)00203-1,ELISA,,25.0,G100F,H,1MHP.G100F
229,1MHP,A_HL,Integrin-I,Neutralizing hu-FAB,H:G100I,8.0,2.8,0.222,0.272,7.4,100,25.4, 10.1016/S0022-2836(03)00203-1,ELISA,,25.0,G100I,H,1MHP.G100I
230,1MHP,A_HL,Integrin-I,Neutralizing hu-FAB,H:G100L,2.73,2.8,0.222,0.272,7.4,100,25.4, 10.1016/S0022-2836(03)00203-1,ELISA,,25.0,G100L,H,1MHP.G100L
231,1MHP,A_HL,Integrin-I,Neutralizing hu-FAB,H:G100M,0.1,2.8,0.222,0.272,7.4,100,25.4, 10.1016/S0022-2836(03)00203-1,ELISA,,25.0,G100M,H,1MHP.G100M
232,1MHP,A_HL,Integrin-I,Neutralizing hu-FAB,H:G100S,0.56,2.8,0.222,0.272,7.4,100,25.4, 10.1016/S0022-2836(03)00203-1,ELISA,,25.0,G100S,H,1MHP.G100S
233,1MHP,A_HL,Integrin-I,Neutralizing hu-FAB,H:G100V,8.0,2.8,0.222,0.272,7.4,100,25.4, 10.1016/S0022-2836(03)00203-1,ELISA,,25.0,G100V,H,1MHP.G100V
234,1MHP,A_HL,Integrin-I,Neutralizing hu-FAB,H:G102S,8.0,2.8,0.222,0.272,7.4,100,25.4, 10.1016/S0022-2836(03)00203-1,ELISA,,25.0,G102S,H,1MHP.G102S
235,1MHP,A_HL,Integrin-I,Neutralizing hu-FAB,H:G53A,0.51,2.8,0.222,0.272,7.4,100,25.4, 10.1016/S0022-2836(03)00203-1,ELISA,,25.0,G53A,H,1MHP.G53A
236,1MHP,A_HL,Integrin-I,Neutralizing hu-FAB,H:G53N,1.26,2.8,0.222,0.272,7.4,100,25.4, 10.1016/S0022-2836(03)00203-1,ELISA,,25.0,G53N,H,1MHP.G53N
237,1MHP,A_HL,Integrin-I,Neutralizing hu-FAB,H:G53Q,8.0,2.8,0.222,0.272,7.4,100,25.4, 10.1016/S0022-2836(03)00203-1,ELISA,,25.0,G53Q,H,1MHP.G53Q
238,1MHP,A_HL,Integrin-I,Neutralizing hu-FAB,H:G53S,0.68,2.8,0.222,0.272,7.4,100,25.4, 10.1016/S0022-2836(03)00203-1,ELISA,,25.0,G53S,H,1MHP.G53S
239,1MHP,A_HL,Integrin-I,Neutralizing hu-FAB,H:G53W,8.0,2.8,0.222,0.272,7.4,100,25.4, 10.1016/S0022-2836(03)00203-1,ELISA,,25.0,G53W,H,1MHP.G53W
240,1MHP,A_HL,Integrin-I,Neutralizing hu-FAB,H:G54I,1.36,2.8,0.222,0.272,7.4,100,25.4, 10.1016/S0022-2836(03)00203-1,ELISA,,25.0,G54I,H,1MHP.G54I
241,1MHP,A_HL,Integrin-I,Neutralizing hu-FAB,H:G54M,8.0,2.8,0.222,0.272,7.4,100,25.4, 10.1016/S0022-2836(03)00203-1,ELISA,,25.0,G54M,H,1MHP.G54M
242,1MHP,A_HL,Integrin-I,Neutralizing hu-FAB,H:G54N,8.0,2.8,0.222,0.272,7.4,100,25.4, 10.1016/S0022-2836(03)00203-1,ELISA,,25.0,G54N,H,1MHP.G54N
243,1MHP,A_HL,Integrin-I,Neutralizing hu-FAB,H:G54T,1.17,2.8,0.222,0.272,7.4,100,25.4, 10.1016/S0022-2836(03)00203-1,ELISA,,25.0,G54T,H,1MHP.G54T
244,1MHP,A_HL,Integrin-I,Neutralizing hu-FAB,H:G54Y,0.0,2.8,0.222,0.272,7.4,100,25.4, 10.1016/S0022-2836(03)00203-1,ELISA,,25.0,G54Y,H,1MHP.G54Y
245,1MHP,A_HL,Integrin-I,Neutralizing hu-FAB,H:H56Y,8.0,2.8,0.222,0.272,7.4,100,25.4, 10.1016/S0022-2836(03)00203-1,ELISA,,25.0,H56Y,H,1MHP.H56Y
246,1MHP,A_HL,Integrin-I,Neutralizing hu-FAB,H:K64D,-0.12,2.8,0.222,0.272,7.4,100,25.4, 10.1016/S0022-2836(03)00203-1,ELISA,,25.0,K64D,H,1MHP.K64D
247,1MHP,A_HL,Integrin-I,Neutralizing hu-FAB,H:K64E,-0.16,2.8,0.222,0.272,7.4,100,25.4, 10.1016/S0022-2836(03)00203-1,ELISA,,25.0,K64E,H,1MHP.K64E
248,1MHP,A_HL,Integrin-I,Neutralizing hu-FAB,H:K64N,-0.07,2.8,0.222,0.272,7.4,100,25.4, 10.1016/S0022-2836(03)00203-1,ELISA,,25.0,K64N,H,1MHP.K64N
249,1MHP,A_HL,Integrin-I,Neutralizing hu-FAB,H:K64Q,-0.16,2.8,0.222,0.272,7.4,100,25.4, 10.1016/S0022-2836(03)00203-1,ELISA,,25.0,K64Q,H,1MHP.K64Q
250,1MHP,A_HL,Integrin-I,Neutralizing hu-FAB,H:L60D,-0.12,2.8,0.222,0.272,7.4,100,25.4, 10.1016/S0022-2836(03)00203-1,ELISA,,25.0,L60D,H,1MHP.L60D
251,1MHP,A_HL,Integrin-I,Neutralizing hu-FAB,H:R31Q,1.31,2.8,0.222,0.272,7.4,100,25.4, 10.1016/S0022-2836(03)00203-1,ELISA,,25.0,R31Q,H,1MHP.R31Q
252,1MHP,A_HL,Integrin-I,Neutralizing hu-FAB,H:S35A,1.58,2.8,0.222,0.272,7.4,100,25.4, 10.1016/S0022-2836(03)00203-1,ELISA,,25.0,S35A,H,1MHP.S35A
253,1MHP,A_HL,Integrin-I,Neutralizing hu-FAB,H:S35Q,2.73,2.8,0.222,0.272,7.4,100,25.4, 10.1016/S0022-2836(03)00203-1,ELISA,,25.0,S35Q,H,1MHP.S35Q
254,1MHP,A_HL,Integrin-I,Neutralizing hu-FAB,H:S35V,8.0,2.8,0.222,0.272,7.4,100,25.4, 10.1016/S0022-2836(03)00203-1,ELISA,,25.0,S35V,H,1MHP.S35V
255,1MHP,A_HL,Integrin-I,Neutralizing hu-FAB,H:S52M,2.08,2.8,0.222,0.272,7.4,100,25.4, 10.1016/S0022-2836(03)00203-1,ELISA,,25.0,S52M,H,1MHP.S52M
256,1MHP,A_HL,Integrin-I,Neutralizing hu-FAB,H:S52T,8.0,2.8,0.222,0.272,7.4,100,25.4, 10.1016/S0022-2836(03)00203-1,ELISA,,25.0,S52T,H,1MHP.S52T
257,1MHP,A_HL,Integrin-I,Neutralizing hu-FAB,H:T33N,2.73,2.8,0.222,0.272,7.4,100,25.4, 10.1016/S0022-2836(03)00203-1,ELISA,,25.0,T33N,H,1MHP.T33N
258,1MHP,A_HL,Integrin-I,Neutralizing hu-FAB,H:T33Q,8.0,2.8,0.222,0.272,7.4,100,25.4, 10.1016/S0022-2836(03)00203-1,ELISA,,25.0,T33Q,H,1MHP.T33Q
259,1MHP,A_HL,Integrin-I,Neutralizing hu-FAB,H:T33V,0.43,2.8,0.222,0.272,7.4,100,25.4, 10.1016/S0022-2836(03)00203-1,ELISA,,25.0,T33V,H,1MHP.T33V
260,1MHP,A_HL,Integrin-I,Neutralizing hu-FAB,H:T50E,8.0,2.8,0.222,0.272,7.4,100,25.4, 10.1016/S0022-2836(03)00203-1,ELISA,,25.0,T50E,H,1MHP.T50E
261,1MHP,A_HL,Integrin-I,Neutralizing hu-FAB,H:T50Q,8.0,2.8,0.222,0.272,7.4,100,25.4, 10.1016/S0022-2836(03)00203-1,ELISA,,25.0,T50Q,H,1MHP.T50Q
262,1MHP,A_HL,Integrin-I,Neutralizing hu-FAB,H:T50V,-0.26,2.8,0.222,0.272,7.4,100,25.4, 10.1016/S0022-2836(03)00203-1,ELISA,,25.0,T50V,H,1MHP.T50V
263,1MHP,A_HL,Integrin-I,Neutralizing hu-FAB,H:Y58E,2.08,2.8,0.222,0.272,7.4,100,25.4, 10.1016/S0022-2836(03)00203-1,ELISA,,25.0,Y58E,H,1MHP.Y58E
264,1MHP,A_HL,Integrin-I,Neutralizing hu-FAB,H:Y58Q,2.08,2.8,0.222,0.272,7.4,100,25.4, 10.1016/S0022-2836(03)00203-1,ELISA,,25.0,Y58Q,H,1MHP.Y58Q
265,1MHP,A_HL,Integrin-I,Neutralizing hu-FAB,H:Y58W,0.82,2.8,0.222,0.272,7.4,100,25.4, 10.1016/S0022-2836(03)00203-1,ELISA,,25.0,Y58W,H,1MHP.Y58W
266,1MHP,A_HL,Integrin-I,Neutralizing hu-FAB,H:Y59E,0.54,2.8,0.222,0.272,7.4,100,25.4, 10.1016/S0022-2836(03)00203-1,ELISA,,25.0,Y59E,H,1MHP.Y59E
267,1MHP,A_HL,Integrin-I,Neutralizing hu-FAB,L:G92Q,1.58,2.8,0.222,0.272,7.4,100,25.4, 10.1016/S0022-2836(03)00203-1,ELISA,,25.0,G92Q,L,1MHP.G92Q
268,1MHP,A_HL,Integrin-I,Neutralizing hu-FAB,L:G92S,0.51,2.8,0.222,0.272,7.4,100,25.4, 10.1016/S0022-2836(03)00203-1,ELISA,,25.0,G92S,L,1MHP.G92S
269,1MHP,A_HL,Integrin-I,Neutralizing hu-FAB,L:H31K,1.17,2.8,0.222,0.272,7.4,100,25.4, 10.1016/S0022-2836(03)00203-1,ELISA,,25.0,H31K,L,1MHP.H31K
270,1MHP,A_HL,Integrin-I,Neutralizing hu-FAB,L:H31R,1.12,2.8,0.222,0.272,7.4,100,25.4, 10.1016/S0022-2836(03)00203-1,ELISA,,25.0,H31R,L,1MHP.H31R
271,1MHP,A_HL,Integrin-I,Neutralizing hu-FAB,L:H31W,1.26,2.8,0.222,0.272,7.4,100,25.4, 10.1016/S0022-2836(03)00203-1,ELISA,,25.0,H31W,L,1MHP.H31W
272,1MHP,A_HL,Integrin-I,Neutralizing hu-FAB,L:L49F,0.71,2.8,0.222,0.272,7.4,100,25.4, 10.1016/S0022-2836(03)00203-1,ELISA,,25.0,L49F,L,1MHP.L49F
273,1MHP,A_HL,Integrin-I,Neutralizing hu-FAB,L:L49K,0.93,2.8,0.222,0.272,7.4,100,25.4, 10.1016/S0022-2836(03)00203-1,ELISA,,25.0,L49K,L,1MHP.L49K
274,1MHP,A_HL,Integrin-I,Neutralizing hu-FAB,L:L49W,1.91,2.8,0.222,0.272,7.4,100,25.4, 10.1016/S0022-2836(03)00203-1,ELISA,,25.0,L49W,L,1MHP.L49W
275,1MHP,A_HL,Integrin-I,Neutralizing hu-FAB,L:L49Y,8.0,2.8,0.222,0.272,7.4,100,25.4, 10.1016/S0022-2836(03)00203-1,ELISA,,25.0,L49Y,L,1MHP.L49Y
276,1MHP,A_HL,Integrin-I,Neutralizing hu-FAB,L:N30K,8.0,2.8,0.222,0.272,7.4,100,25.4, 10.1016/S0022-2836(03)00203-1,ELISA,,25.0,N30K,L,1MHP.N30K
277,1MHP,A_HL,Integrin-I,Neutralizing hu-FAB,L:N30V,1.05,2.8,0.222,0.272,7.4,100,25.4, 10.1016/S0022-2836(03)00203-1,ELISA,,25.0,N30V,L,1MHP.N30V
278,1MHP,A_HL,Integrin-I,Neutralizing hu-FAB,L:N30W,1.58,2.8,0.222,0.272,7.4,100,25.4, 10.1016/S0022-2836(03)00203-1,ELISA,,25.0,N30W,L,1MHP.N30W
279,1MHP,A_HL,Integrin-I,Neutralizing hu-FAB,L:N30Y,1.91,2.8,0.222,0.272,7.4,100,25.4, 10.1016/S0022-2836(03)00203-1,ELISA,,25.0,N30Y,L,1MHP.N30Y
280,1MHP,A_HL,Integrin-I,Neutralizing hu-FAB,L:N52D,0.5,2.8,0.222,0.272,7.4,100,25.4, 10.1016/S0022-2836(03)00203-1,ELISA,,25.0,N52D,L,1MHP.N52D
281,1MHP,A_HL,Integrin-I,Neutralizing hu-FAB,L:N52E,-0.18,2.8,0.222,0.272,7.4,100,25.4, 10.1016/S0022-2836(03)00203-1,ELISA,,25.0,N52E,L,1MHP.N52E
282,1MHP,A_HL,Integrin-I,Neutralizing hu-FAB,L:N52K,0.66,2.8,0.222,0.272,7.4,100,25.4, 10.1016/S0022-2836(03)00203-1,ELISA,,25.0,N52K,L,1MHP.N52K
283,1MHP,A_HL,Integrin-I,Neutralizing hu-FAB,L:N52R,0.85,2.8,0.222,0.272,7.4,100,25.4, 10.1016/S0022-2836(03)00203-1,ELISA,,25.0,N52R,L,1MHP.N52R
284,1MHP,A_HL,Integrin-I,Neutralizing hu-FAB,L:N52Y,-0.1,2.8,0.222,0.272,7.4,100,25.4, 10.1016/S0022-2836(03)00203-1,ELISA,,25.0,N52Y,L,1MHP.N52Y
285,1MHP,A_HL,Integrin-I,Neutralizing hu-FAB,L:N93D,8.0,2.8,0.222,0.272,7.4,100,25.4, 10.1016/S0022-2836(03)00203-1,ELISA,,25.0,N93D,L,1MHP.N93D
286,1MHP,A_HL,Integrin-I,Neutralizing hu-FAB,L:S24R,-0.07,2.8,0.222,0.272,7.4,100,25.4, 10.1016/S0022-2836(03)00203-1,ELISA,,25.0,S24R,L,1MHP.S24R
287,1MHP,A_HL,Integrin-I,Neutralizing hu-FAB,L:S28Q,-0.67,2.8,0.222,0.272,7.4,100,25.4, 10.1016/S0022-2836(03)00203-1,ELISA,,25.0,S28Q,L,1MHP.S28Q
288,1MHP,A_HL,Integrin-I,Neutralizing hu-FAB,L:S91K,8.0,2.8,0.222,0.272,7.4,100,25.4, 10.1016/S0022-2836(03)00203-1,ELISA,,25.0,S91K,L,1MHP.S91K
289,1MHP,A_HL,Integrin-I,Neutralizing hu-FAB,L:S91Q,1.78,2.8,0.222,0.272,7.4,100,25.4, 10.1016/S0022-2836(03)00203-1,ELISA,,25.0,S91Q,L,1MHP.S91Q
290,1MHP,A_HL,Integrin-I,Neutralizing hu-FAB,L:S91R,2.73,2.8,0.222,0.272,7.4,100,25.4, 10.1016/S0022-2836(03)00203-1,ELISA,,25.0,S91R,L,1MHP.S91R
291,1MHP,A_HL,Integrin-I,Neutralizing hu-FAB,L:S91T,2.32,2.8,0.222,0.272,7.4,100,25.4, 10.1016/S0022-2836(03)00203-1,ELISA,,25.0,S91T,L,1MHP.S91T
292,1MHP,A_HL,Integrin-I,Neutralizing hu-FAB,L:S91W,8.0,2.8,0.222,0.272,7.4,100,25.4, 10.1016/S0022-2836(03)00203-1,ELISA,,25.0,S91W,L,1MHP.S91W
293,1MHP,A_HL,Integrin-I,Neutralizing hu-FAB,L:W90Q,2.08,2.8,0.222,0.272,7.4,100,25.4, 10.1016/S0022-2836(03)00203-1,ELISA,,25.0,W90Q,L,1MHP.W90Q
310,1MLC,E_HL,D44.1 Fab,Lysozyme,H:K65D,0.02,2.5,0.184,0.282,na,na,31.62, 10.1016/0022-2836(94)90046-9,Yeast Disp. Flow Cyt,7.3_7.5,25.0,K65D,H,1MLC.K65D
311,1MLC,E_HL,D44.1 Fab,Lysozyme,H:S57A,-0.38,2.5,0.184,0.282,na,na,31.62, 10.1016/0022-2836(94)90046-9,Yeast Disp. Flow Cyt,7.3_7.5,25.0,S57A,H,1MLC.S57A
312,1MLC,E_HL,D44.1 Fab,Lysozyme,H:S57V,-0.49,2.5,0.184,0.282,na,na,31.62, 10.1016/0022-2836(94)90046-9,Yeast Disp. Flow Cyt,7.3_7.5,25.0,S57V,H,1MLC.S57V
313,1MLC,E_HL,D44.1 Fab,Lysozyme,H:T28D,-0.15,2.5,0.184,0.282,na,na,31.62, 10.1016/0022-2836(94)90046-9,Yeast Disp. Flow Cyt,7.3_7.5,25.0,T28D,H,1MLC.T28D
314,1MLC,E_HL,D44.1 Fab,Lysozyme,H:T31A,0.45,2.5,0.184,0.282,na,na,31.62, 10.1016/0022-2836(94)90046-9,Yeast Disp. Flow Cyt,7.3_7.5,25.0,T31A,H,1MLC.T31A
315,1MLC,E_HL,D44.1 Fab,Lysozyme,H:T31V,0.53,2.5,0.184,0.282,na,na,31.62, 10.1016/0022-2836(94)90046-9,Yeast Disp. Flow Cyt,7.3_7.5,25.0,T31V,H,1MLC.T31V
316,1MLC,E_HL,D44.1 Fab,Lysozyme,H:T31W,0.13,2.5,0.184,0.282,na,na,31.62, 10.1016/0022-2836(94)90046-9,Yeast Disp. Flow Cyt,7.3_7.5,25.0,T31W,H,1MLC.T31W
317,1MLC,E_HL,D44.1 Fab,Lysozyme,H:T58D,-0.56,2.5,0.184,0.282,na,na,31.62, 10.1016/0022-2836(94)90046-9,Yeast Disp. Flow Cyt,7.3_7.5,25.0,T58D,H,1MLC.T58D
318,1MLC,E_HL,D44.1 Fab,Lysozyme,L:N32G,-0.85,2.5,0.184,0.282,na,na,31.62, 10.1016/0022-2836(94)90046-9,Yeast Disp. Flow Cyt,7.3_7.5,25.0,N32G,L,1MLC.N32G
319,1MLC,E_HL,D44.1 Fab,Lysozyme,L:N32Y,0.0,2.5,0.184,0.282,na,na,31.62, 10.1016/0022-2836(94)90046-9,Yeast Disp. Flow Cyt,7.3_7.5,25.0,N32Y,L,1MLC.N32Y
320,1MLC,E_HL,D44.1 Fab,Lysozyme,L:N92A,-1.25,2.5,0.184,0.282,na,na,31.62, 10.1016/0022-2836(94)90046-9,Yeast Disp. Flow Cyt,7.3_7.5,25.0,N92A,L,1MLC.N92A
325,1N8Z,C_HL,hu-HER2,Herceptin (fab),H:D31A,0.25,2.52,0.222,0.284,6.5,110,14.17, 10.1038/NATURE01392,SPR,7.5,25.0,D31A,H,1N8Z.D31A
326,1N8Z,C_HL,hu-HER2,Herceptin (fab),H:D98A,1.21,2.52,0.222,0.284,6.5,110,14.17, 10.1038/NATURE01392,SPR,7.5,25.0,D98A,H,1N8Z.D98A
327,1N8Z,C_HL,hu-HER2,Herceptin (fab),H:D98W,-0.69,2.52,0.222,0.284,6.5,110,14.17, 10.1038/NATURE01392,SPR,7.5,25.0,D98W,H,1N8Z.D98W
328,1N8Z,C_HL,hu-HER2,Herceptin (fab),H:F100A,1.17,2.52,0.222,0.284,6.5,110,14.17, 10.1038/NATURE01392,SPR,7.5,25.0,F100A,H,1N8Z.F100A
329,1N8Z,C_HL,hu-HER2,Herceptin (fab),H:K30A,0.61,2.52,0.222,0.284,6.5,110,14.17, 10.1038/NATURE01392,SPR,7.5,25.0,K30A,H,1N8Z.K30A
330,1N8Z,C_HL,hu-HER2,Herceptin (fab),H:N54A,-0.15,2.52,0.222,0.284,6.5,110,14.17, 10.1038/NATURE01392,SPR,7.5,25.0,N54A,H,1N8Z.N54A
331,1N8Z,C_HL,hu-HER2,Herceptin (fab),H:R50A,8.0,2.52,0.222,0.284,6.5,110,14.17, 10.1038/NATURE01392,SPR,7.5,25.0,R50A,H,1N8Z.R50A
332,1N8Z,C_HL,hu-HER2,Herceptin (fab),H:T32A,0.38,2.52,0.222,0.284,6.5,110,14.17, 10.1038/NATURE01392,SPR,7.5,25.0,T32A,H,1N8Z.T32A
333,1N8Z,C_HL,hu-HER2,Herceptin (fab),H:T53A,0.78,2.52,0.222,0.284,6.5,110,14.17, 10.1038/NATURE01392,SPR,7.5,25.0,T53A,H,1N8Z.T53A
334,1N8Z,C_HL,hu-HER2,Herceptin (fab),H:W95A,8.0,2.52,0.222,0.284,6.5,110,14.17, 10.1038/NATURE01392,SPR,7.5,25.0,W95A,H,1N8Z.W95A
335,1N8Z,C_HL,hu-HER2,Herceptin (fab),H:Y100aA,8.0,2.52,0.222,0.284,6.5,110,14.17, 10.1038/NATURE01392,SPR,7.5,25.0,Y100aA,H,1N8Z.Y100aA
337,1N8Z,C_HL,hu-HER2,Herceptin (fab),H:Y100aF,0.82,2.52,0.222,0.284,6.5,110,14.17, 10.1038/NATURE01392,SPR,7.5,25.0,Y100aF,H,1N8Z.Y100aF
338,1N8Z,C_HL,hu-HER2,Herceptin (fab),H:Y102V,0.22,2.52,0.222,0.284,6.5,110,14.17, 10.1038/NATURE01392,SPR,7.5,25.0,Y102V,H,1N8Z.Y102V
339,1N8Z,C_HL,hu-HER2,Herceptin (fab),H:Y33A,-0.09,2.52,0.222,0.284,6.5,110,14.17, 10.1038/NATURE01392,SPR,7.5,25.0,Y33A,H,1N8Z.Y33A
340,1N8Z,C_HL,hu-HER2,Herceptin (fab),H:Y52A,0.23,2.52,0.222,0.284,6.5,110,14.17, 10.1038/NATURE01392,SPR,7.5,25.0,Y52A,H,1N8Z.Y52A
341,1N8Z,C_HL,hu-HER2,Herceptin (fab),H:Y56A,0.87,2.52,0.222,0.284,6.5,110,14.17, 10.1038/NATURE01392,SPR,7.5,25.0,Y56A,H,1N8Z.Y56A
342,1N8Z,C_HL,hu-HER2,Herceptin (fab),L:D28N,-0.28,2.52,0.222,0.284,6.5,110,14.17, 10.1038/NATURE01392,SPR,7.5,25.0,D28N,L,1N8Z.D28N
343,1N8Z,C_HL,hu-HER2,Herceptin (fab),L:F53N,1.21,2.52,0.222,0.284,6.5,110,14.17, 10.1038/NATURE01392,SPR,7.5,25.0,F53N,L,1N8Z.F53N
344,1N8Z,C_HL,hu-HER2,Herceptin (fab),L:H91A,8.0,2.52,0.222,0.284,6.5,110,14.17, 10.1038/NATURE01392,SPR,7.5,25.0,H91A,L,1N8Z.H91A
346,1N8Z,C_HL,hu-HER2,Herceptin (fab),L:H91F,0.03,2.52,0.222,0.284,6.5,110,14.17, 10.1038/NATURE01392,SPR,7.5,25.0,H91F,L,1N8Z.H91F
347,1N8Z,C_HL,hu-HER2,Herceptin (fab),L:N30A,1.12,2.52,0.222,0.284,6.5,110,14.17, 10.1038/NATURE01392,SPR,7.5,25.0,N30A,L,1N8Z.N30A
348,1N8Z,C_HL,hu-HER2,Herceptin (fab),L:N30S,0.06,2.52,0.222,0.284,6.5,110,14.17, 10.1038/NATURE01392,SPR,7.5,25.0,N30S,L,1N8Z.N30S
349,1N8Z,C_HL,hu-HER2,Herceptin (fab),L:R66G,0.22,2.52,0.222,0.284,6.5,110,14.17, 10.1038/NATURE01392,SPR,7.5,25.0,R66G,L,1N8Z.R66G
350,1N8Z,C_HL,hu-HER2,Herceptin (fab),L:S50A,-0.07,2.52,0.222,0.284,6.5,110,14.17, 10.1038/NATURE01392,SPR,7.5,25.0,S50A,L,1N8Z.S50A
351,1N8Z,C_HL,hu-HER2,Herceptin (fab),L:S52A,-0.31,2.52,0.222,0.284,6.5,110,14.17, 10.1038/NATURE01392,SPR,7.5,25.0,S52A,L,1N8Z.S52A
352,1N8Z,C_HL,hu-HER2,Herceptin (fab),L:T31A,0.8,2.52,0.222,0.284,6.5,110,14.17, 10.1038/NATURE01392,SPR,7.5,25.0,T31A,L,1N8Z.T31A
353,1N8Z,C_HL,hu-HER2,Herceptin (fab),L:T93A,0.82,2.52,0.222,0.284,6.5,110,14.17, 10.1038/NATURE01392,SPR,7.5,25.0,T93A,L,1N8Z.T93A
354,1N8Z,C_HL,hu-HER2,Herceptin (fab),L:T94A,-0.12,2.52,0.222,0.284,6.5,110,14.17, 10.1038/NATURE01392,SPR,7.5,25.0,T94A,L,1N8Z.T94A
355,1N8Z,C_HL,hu-HER2,Herceptin (fab),L:T94S,0.31,2.52,0.222,0.284,6.5,110,14.17, 10.1038/NATURE01392,SPR,7.5,25.0,T94S,L,1N8Z.T94S
356,1N8Z,C_HL,hu-HER2,Herceptin (fab),L:Y49A,1.05,2.52,0.222,0.284,6.5,110,14.17, 10.1038/NATURE01392,SPR,7.5,25.0,Y49A,L,1N8Z.Y49A
357,1N8Z,C_HL,hu-HER2,Herceptin (fab),L:Y92A,1.36,2.52,0.222,0.284,6.5,110,14.17, 10.1038/NATURE01392,SPR,7.5,25.0,Y92A,L,1N8Z.Y92A
358,1N8Z,C_HL,hu-HER2,Herceptin (fab),L:Y92F,-0.21,2.52,0.222,0.284,6.5,110,14.17, 10.1038/NATURE01392,SPR,7.5,25.0,Y92F,L,1N8Z.Y92F
619,1VFB,C_HL,IGG1-Kappa D1.3 FV,Lysozyme,C:D119A,1.0,1.8,0.185,na,na,na,2.61, 10.1073/PNAS.91.3.1089,SPR,7.5,25.0,D119A,C,1VFB.D119A
620,1VFB,C_HL,IGG1-Kappa D1.3 FV,Lysozyme,C:D18A,0.3,1.8,0.185,na,na,na,2.61, 10.1073/PNAS.91.3.1089,SPR,7.5,25.0,D18A,C,1VFB.D18A
621,1VFB,C_HL,IGG1-Kappa D1.3 FV,Lysozyme,C:I124A,1.2,1.8,0.185,na,na,na,2.61, 10.1073/PNAS.91.3.1089,SPR,7.5,25.0,I124A,C,1VFB.I124A
622,1VFB,C_HL,IGG1-Kappa D1.3 FV,Lysozyme,C:K116A,0.7,1.8,0.185,na,na,na,2.61, 10.1073/PNAS.91.3.1089,SPR,7.5,25.0,K116A,C,1VFB.K116A
623,1VFB,C_HL,IGG1-Kappa D1.3 FV,Lysozyme,C:L129A,0.2,1.8,0.185,na,na,na,2.61, 10.1073/PNAS.91.3.1089,SPR,7.5,25.0,L129A,C,1VFB.L129A
624,1VFB,C_HL,IGG1-Kappa D1.3 FV,Lysozyme,C:N19A,0.3,1.8,0.185,na,na,na,2.61, 10.1073/PNAS.91.3.1089,SPR,7.5,25.0,N19A,C,1VFB.N19A
625,1VFB,C_HL,IGG1-Kappa D1.3 FV,Lysozyme,C:Q121A,2.9,1.8,0.185,na,na,na,2.61, 10.1073/PNAS.91.3.1089,SPR,7.5,25.0,Q121A,C,1VFB.Q121A
626,1VFB,C_HL,IGG1-Kappa D1.3 FV,Lysozyme,C:R125A,1.8,1.8,0.185,na,na,na,2.61, 10.1073/PNAS.91.3.1089,SPR,7.5,25.0,R125A,C,1VFB.R125A
627,1VFB,C_HL,IGG1-Kappa D1.3 FV,Lysozyme,C:S24A,0.8,1.8,0.185,na,na,na,2.61, 10.1073/PNAS.91.3.1089,SPR,7.5,25.0,S24A,C,1VFB.S24A
628,1VFB,C_HL,IGG1-Kappa D1.3 FV,Lysozyme,C:T118A,0.8,1.8,0.185,na,na,na,2.61, 10.1073/PNAS.91.3.1089,SPR,7.5,25.0,T118A,C,1VFB.T118A
629,1VFB,C_HL,IGG1-Kappa D1.3 FV,Lysozyme,C:V120A,0.9,1.8,0.185,na,na,na,2.61, 10.1073/PNAS.91.3.1089,SPR,7.5,25.0,V120A,C,1VFB.V120A
630,1VFB,C_HL,IGG1-Kappa D1.3 FV,Lysozyme,C:Y23A,0.4,1.8,0.185,na,na,na,2.61, 10.1073/PNAS.91.3.1089,SPR,7.5,25.0,Y23A,C,1VFB.Y23A
631,1VFB,C_HL,IGG1-Kappa D1.3 FV,Lysozyme,H:D100A,2.9,1.8,0.185,na,na,na,2.61, 10.1073/PNAS.91.3.1089,SPR,7.5,25.0,D100A,H,1VFB.D100A
632,1VFB,C_HL,IGG1-Kappa D1.3 FV,Lysozyme,H:D54A,1.0,1.8,0.185,na,na,na,2.61, 10.1073/PNAS.91.3.1089,SPR,7.5,25.0,D54A,H,1VFB.D54A
633,1VFB,C_HL,IGG1-Kappa D1.3 FV,Lysozyme,H:D58E,0.08,1.8,0.185,na,na,na,2.61, 10.1073/PNAS.91.3.1089,Yeast Disp. Flow Cyt,7.3_7.5,25.0,D58E,H,1VFB.D58E
634,1VFB,C_HL,IGG1-Kappa D1.3 FV,Lysozyme,H:D58N,-0.13,1.8,0.185,na,na,na,2.61, 10.1073/PNAS.91.3.1089,Yeast Disp. Flow Cyt,7.3_7.5,25.0,D58N,H,1VFB.D58N
635,1VFB,C_HL,IGG1-Kappa D1.3 FV,Lysozyme,H:G31A,0.3,1.8,0.185,na,na,na,2.61, 10.1073/PNAS.91.3.1089,Yeast Disp. Flow Cyt,7.3_7.5,25.0,G31A,H,1VFB.G31A
636,1VFB,C_HL,IGG1-Kappa D1.3 FV,Lysozyme,H:G31E,-0.51,1.8,0.185,na,na,na,2.61, 10.1073/PNAS.91.3.1089,Yeast Disp. Flow Cyt,7.3_7.5,25.0,G31E,H,1VFB.G31E
637,1VFB,C_HL,IGG1-Kappa D1.3 FV,Lysozyme,H:G31W,0.01,1.8,0.185,na,na,na,2.61, 10.1073/PNAS.91.3.1089,Yeast Disp. Flow Cyt,7.3_7.5,25.0,G31W,H,1VFB.G31W
638,1VFB,C_HL,IGG1-Kappa D1.3 FV,Lysozyme,H:R99W,0.71,1.8,0.185,na,na,na,2.61, 10.1073/PNAS.91.3.1089,Yeast Disp. Flow Cyt,7.3_7.5,25.0,R99W,H,1VFB.R99W
639,1VFB,C_HL,IGG1-Kappa D1.3 FV,Lysozyme,H:R99Y,1.26,1.8,0.185,na,na,na,2.61, 10.1073/PNAS.91.3.1089,Yeast Disp. Flow Cyt,7.3_7.5,25.0,R99Y,H,1VFB.R99Y
640,1VFB,C_HL,IGG1-Kappa D1.3 FV,Lysozyme,H:S28D,0.0,1.8,0.185,na,na,na,2.61, 10.1073/PNAS.91.3.1089,Yeast Disp. Flow Cyt,7.3_7.5,25.0,S28D,H,1VFB.S28D
641,1VFB,C_HL,IGG1-Kappa D1.3 FV,Lysozyme,H:S28E,-0.1,1.8,0.185,na,na,na,2.61, 10.1073/PNAS.91.3.1089,Yeast Disp. Flow Cyt,7.3_7.5,25.0,S28E,H,1VFB.S28E
642,1VFB,C_HL,IGG1-Kappa D1.3 FV,Lysozyme,H:S28N,0.15,1.8,0.185,na,na,na,2.61, 10.1073/PNAS.91.3.1090,Yeast Disp. Flow Cyt,7.3_7.6,25.0,S28N,H,1VFB.S28N
643,1VFB,C_HL,IGG1-Kappa D1.3 FV,Lysozyme,H:S28Q,0.08,1.8,0.185,na,na,na,2.61, 10.1073/PNAS.91.3.1089,Yeast Disp. Flow Cyt,7.3_7.5,25.0,S28Q,H,1VFB.S28Q
644,1VFB,C_HL,IGG1-Kappa D1.3 FV,Lysozyme,H:W52A,0.9,1.8,0.185,na,na,na,2.61, 10.1073/PNAS.91.3.1089,SPR,7.5,25.0,W52A,H,1VFB.W52A
645,1VFB,C_HL,IGG1-Kappa D1.3 FV,Lysozyme,H:Y101A,4.0,1.8,0.185,na,na,na,2.61, 10.1073/PNAS.91.3.1089,SPR,7.5,25.0,Y101A,H,1VFB.Y101A
646,1VFB,C_HL,IGG1-Kappa D1.3 FV,Lysozyme,H:Y101F,1.6,1.8,0.185,na,na,na,2.61, 10.1073/PNAS.91.3.1089,SPR,7.5,25.0,Y101F,H,1VFB.Y101F
647,1VFB,C_HL,IGG1-Kappa D1.3 FV,Lysozyme,H:Y32A,1.1,1.8,0.185,na,na,na,2.61, 10.1073/PNAS.91.3.1089,SPR,7.5,25.0,Y32A,H,1VFB.Y32A
648,1VFB,C_HL,IGG1-Kappa D1.3 FV,Lysozyme,H:Y32E,1.91,1.8,0.185,na,na,na,2.61, 10.1073/PNAS.91.3.1089,SPR,7.5,25.0,Y32E,H,1VFB.Y32E
649,1VFB,C_HL,IGG1-Kappa D1.3 FV,Lysozyme,L:L46D,8.0,1.8,0.185,na,na,na,2.61, 10.1073/PNAS.91.3.1089,Yeast Disp. Flow Cyt,7.3_7.5,25.0,L46D,L,1VFB.L46D
650,1VFB,C_HL,IGG1-Kappa D1.3 FV,Lysozyme,L:L46E,8.0,1.8,0.185,na,na,na,2.61, 10.1073/PNAS.91.3.1089,Yeast Disp. Flow Cyt,7.3_7.5,25.0,L46E,L,1VFB.L46E
651,1VFB,C_HL,IGG1-Kappa D1.3 FV,Lysozyme,L:N31W,0.17,1.8,0.185,na,na,na,2.61, 10.1073/PNAS.91.3.1089,Yeast Disp. Flow Cyt,7.3_7.5,25.0,N31W,L,1VFB.N31W
652,1VFB,C_HL,IGG1-Kappa D1.3 FV,Lysozyme,L:T52F,0.47,1.8,0.185,na,na,na,2.61, 10.1073/PNAS.91.3.1089,Yeast Disp. Flow Cyt,7.3_7.5,25.0,T52F,L,1VFB.T52F
653,1VFB,C_HL,IGG1-Kappa D1.3 FV,Lysozyme,L:T53R,1.67,1.8,0.185,na,na,na,2.61, 10.1073/PNAS.91.3.1089,Yeast Disp. Flow Cyt,7.3_7.5,25.0,T53R,L,1VFB.T53R
654,1VFB,C_HL,IGG1-Kappa D1.3 FV,Lysozyme,L:W92A,3.3,1.8,0.185,na,na,na,2.61, 10.1073/PNAS.91.3.1089,SPR,7.5,25.0,W92A,L,1VFB.W92A
655,1VFB,C_HL,IGG1-Kappa D1.3 FV,Lysozyme,L:Y32A,1.7,1.8,0.185,na,na,na,2.61, 10.1073/PNAS.91.3.1089,SPR,7.5,25.0,Y32A,L,1VFB.Y32A
656,1VFB,C_HL,IGG1-Kappa D1.3 FV,Lysozyme,L:Y32W,8.0,1.8,0.185,na,na,na,2.61, 10.1073/PNAS.91.3.1089,Yeast Disp. Flow Cyt,7.3_7.5,25.0,Y32W,L,1VFB.Y32W
657,1VFB,C_HL,IGG1-Kappa D1.3 FV,Lysozyme,L:Y50A,0.5,1.8,0.185,na,na,na,2.61, 10.1073/PNAS.91.3.1089,SPR,7.5,25.0,Y50A,L,1VFB.Y50A
658,1VFB,C_HL,IGG1-Kappa D1.3 FV,Lysozyme,L:Y50K,1.67,1.8,0.185,na,na,na,2.61, 10.1073/PNAS.91.3.1089,Yeast Disp. Flow Cyt,7.3_7.5,25.0,Y50K,L,1VFB.Y50K
659,1VFB,C_HL,IGG1-Kappa D1.3 FV,Lysozyme,L:Y50R,0.85,1.8,0.185,na,na,na,2.61, 10.1073/PNAS.91.3.1089,Yeast Disp. Flow Cyt,7.3_7.5,25.0,Y50R,L,1VFB.Y50R
663,1YY9,A_HL,EGFR, Cetuximab,H:N56A,-0.06,2.6,0.239,0.289,7.5,100,12.53, 10.1016/J.CCR.2005.03.003,Yeast Disp. Flow Cyt,7.3_7.5,25.0,N56A,H,1YY9.N56A
664,1YY9,A_HL,EGFR, Cetuximab,H:T61E,-0.06,2.6,0.239,0.289,7.5,100,12.53, 10.1016/J.CCR.2005.03.003,Yeast Disp. Flow Cyt,7.3_7.5,25.0,T61E,H,1YY9.T61E
665,1YY9,A_HL,EGFR, Cetuximab,L:N93A,-0.74,2.6,0.239,0.289,7.5,100,12.53, 10.1016/J.CCR.2005.03.003,Yeast Disp. Flow Cyt,7.3_7.5,25.0,N93A,L,1YY9.N93A
666,1YY9,A_HL,EGFR, Cetuximab,L:S26D,-0.2,2.6,0.239,0.289,7.5,100,12.53, 10.1016/J.CCR.2005.03.003,Yeast Disp. Flow Cyt,7.3_7.5,25.0,S26D,L,1YY9.S26D
667,1YY9,A_HL,EGFR, Cetuximab,L:T31E,-0.52,2.6,0.239,0.289,7.5,100,12.53, 10.1016/J.CCR.2005.03.003,Yeast Disp. Flow Cyt,7.3_7.5,25.0,T31E,L,1YY9.T31E
668,2JEL,HL_P,Jel42 antibody,HPr,P:A82S,0.0,1.5,0.21,0.28,5.8,298,7.43, 10.1006/JMBI.1998.1888���,Other,,25.0,A82S,P,2JEL.A82S
669,2JEL,HL_P,Jel42 antibody,HPr,P:D69E,0.96,1.5,0.21,0.28,5.8,298,7.43, 10.1006/JMBI.1998.1888���,Other,,25.0,D69E,P,2JEL.D69E
670,2JEL,HL_P,Jel42 antibody,HPr,P:E5D,0.41,1.5,0.21,0.28,5.8,298,7.43, 10.1006/JMBI.1998.1888���,Other,,25.0,E5D,P,2JEL.E5D
671,2JEL,HL_P,Jel42 antibody,HPr,P:E5Q,0.72,1.5,0.21,0.28,5.8,298,7.43, 10.1006/JMBI.1998.1888���,Other,,25.0,E5Q,P,2JEL.E5Q
672,2JEL,HL_P,Jel42 antibody,HPr,P:E66K,4.13,1.5,0.21,0.28,5.8,298,7.43, 10.1006/JMBI.1998.1888���,Other,,25.0,E66K,P,2JEL.E66K
673,2JEL,HL_P,Jel42 antibody,HPr,P:E68A,0.41,1.5,0.21,0.28,5.8,298,7.43, 10.1006/JMBI.1998.1888���,Other,,25.0,E68A,P,2JEL.E68A
674,2JEL,HL_P,Jel42 antibody,HPr,P:E70A,2.75,1.5,0.21,0.28,5.8,298,7.43, 10.1006/JMBI.1998.1888���,Other,,25.0,E70A,P,2JEL.E70A
675,2JEL,HL_P,Jel42 antibody,HPr,P:E70K,4.13,1.5,0.21,0.28,5.8,298,7.43, 10.1006/JMBI.1998.1888���,Other,,25.0,E70K,P,2JEL.E70K
676,2JEL,HL_P,Jel42 antibody,HPr,P:E75R,2.75,1.5,0.21,0.28,5.8,298,7.43, 10.1006/JMBI.1998.1888���,Other,,25.0,E75R,P,2JEL.E75R
677,2JEL,HL_P,Jel42 antibody,HPr,P:E83A,0.0,1.5,0.21,0.28,5.8,298,7.43, 10.1006/JMBI.1998.1888���,Other,,25.0,E83A,P,2JEL.E83A
678,2JEL,HL_P,Jel42 antibody,HPr,P:E85A,0.0,1.5,0.21,0.28,5.8,298,7.43, 10.1006/JMBI.1998.1888���,Other,,25.0,E85A,P,2JEL.E85A
679,2JEL,HL_P,Jel42 antibody,HPr,P:E85D,0.0,1.5,0.21,0.28,5.8,298,7.43, 10.1006/JMBI.1998.1888���,Other,,25.0,E85D,P,2JEL.E85D
680,2JEL,HL_P,Jel42 antibody,HPr,P:E85K,0.0,1.5,0.21,0.28,5.8,298,7.43, 10.1006/JMBI.1998.1888���,Other,,25.0,E85K,P,2JEL.E85K
681,2JEL,HL_P,Jel42 antibody,HPr,P:E85Q,0.0,1.5,0.21,0.28,5.8,298,7.43, 10.1006/JMBI.1998.1888���,Other,,25.0,E85Q,P,2JEL.E85Q
682,2JEL,HL_P,Jel42 antibody,HPr,P:F2W,2.64,1.5,0.21,0.28,5.8,298,7.43, 10.1006/JMBI.1998.1888���,Other,,25.0,F2W,P,2JEL.F2W
683,2JEL,HL_P,Jel42 antibody,HPr,P:F2Y,0.0,1.5,0.21,0.28,5.8,298,7.43, 10.1006/JMBI.1998.1888���,Other,,25.0,F2Y,P,2JEL.F2Y
684,2JEL,HL_P,Jel42 antibody,HPr,P:H76A,-0.41,1.5,0.21,0.28,5.8,298,7.43, 10.1006/JMBI.1998.1888���,Other,,25.0,H76A,P,2JEL.H76A
685,2JEL,HL_P,Jel42 antibody,HPr,P:H76D,-0.66,1.5,0.21,0.28,5.8,298,7.43, 10.1006/JMBI.1998.1888���,Other,,25.0,H76D,P,2JEL.H76D
686,2JEL,HL_P,Jel42 antibody,HPr,P:K24E,0.0,1.5,0.21,0.28,5.8,298,7.43, 10.1006/JMBI.1998.1888���,Other,,25.0,K24E,P,2JEL.K24E
687,2JEL,HL_P,Jel42 antibody,HPr,P:K27E,0.0,1.5,0.21,0.28,5.8,298,7.43, 10.1006/JMBI.1998.1888���,Other,,25.0,K27E,P,2JEL.K27E
688,2JEL,HL_P,Jel42 antibody,HPr,P:K72E,0.41,1.5,0.21,0.28,5.8,298,7.43, 10.1006/JMBI.1998.1888���,Other,,25.0,K72E,P,2JEL.K72E
689,2JEL,HL_P,Jel42 antibody,HPr,P:K72R,0.0,1.5,0.21,0.28,5.8,298,7.43, 10.1006/JMBI.1998.1888���,Other,,25.0,K72R,P,2JEL.K72R
690,2JEL,HL_P,Jel42 antibody,HPr,P:K79E,0.41,1.5,0.21,0.28,5.8,298,7.43, 10.1006/JMBI.1998.1888���,Other,,25.0,K79E,P,2JEL.K79E
691,2JEL,HL_P,Jel42 antibody,HPr,P:N12D,0.0,1.5,0.21,0.28,5.8,298,7.43, 10.1006/JMBI.1998.1888���,Other,,25.0,N12D,P,2JEL.N12D
692,2JEL,HL_P,Jel42 antibody,HPr,P:N38T,0.0,1.5,0.21,0.28,5.8,298,7.43, 10.1006/JMBI.1998.1888���,Other,,25.0,N38T,P,2JEL.N38T
693,2JEL,HL_P,Jel42 antibody,HPr,P:P11E,0.0,1.5,0.21,0.28,5.8,298,7.43, 10.1006/JMBI.1998.1888���,Other,,25.0,P11E,P,2JEL.P11E
694,2JEL,HL_P,Jel42 antibody,HPr,P:Q3K,4.13,1.5,0.21,0.28,5.8,298,7.43, 10.1006/JMBI.1998.1888���,Other,,25.0,Q3K,P,2JEL.Q3K
695,2JEL,HL_P,Jel42 antibody,HPr,P:Q4K,1.38,1.5,0.21,0.28,5.8,298,7.43, 10.1006/JMBI.1998.1888���,Other,,25.0,Q4K,P,2JEL.Q4K
696,2JEL,HL_P,Jel42 antibody,HPr,P:Q57E,-0.41,1.5,0.21,0.28,5.8,298,7.43, 10.1006/JMBI.1998.1888���,Other,,25.0,Q57E,P,2JEL.Q57E
697,2JEL,HL_P,Jel42 antibody,HPr,P:Q71E,2.75,1.5,0.21,0.28,5.8,298,7.43, 10.1006/JMBI.1998.1888���,Other,,25.0,Q71E,P,2JEL.Q71E
698,2JEL,HL_P,Jel42 antibody,HPr,P:R17G,0.0,1.5,0.21,0.28,5.8,298,7.43, 10.1006/JMBI.1998.1888���,Other,,25.0,R17G,P,2JEL.R17G
699,2JEL,HL_P,Jel42 antibody,HPr,P:R17K,0.0,1.5,0.21,0.28,5.8,298,7.43, 10.1006/JMBI.1998.1888���,Other,,25.0,R17K,P,2JEL.R17K
700,2JEL,HL_P,Jel42 antibody,HPr,P:S41C,1.51,1.5,0.21,0.28,5.8,298,7.43, 10.1006/JMBI.1998.1888���,Other,,25.0,S41C,P,2JEL.S41C
701,2JEL,HL_P,Jel42 antibody,HPr,P:S43C,0.0,1.5,0.21,0.28,5.8,298,7.43, 10.1006/JMBI.1998.1888���,Other,,25.0,S43C,P,2JEL.S43C
702,2JEL,HL_P,Jel42 antibody,HPr,P:S46C,0.0,1.5,0.21,0.28,5.8,298,7.43, 10.1006/JMBI.1998.1888���,Other,,25.0,S46C,P,2JEL.S46C
703,2JEL,HL_P,Jel42 antibody,HPr,P:S64T,4.13,1.5,0.21,0.28,5.8,298,7.43, 10.1006/JMBI.1998.1888���,Other,,25.0,S64T,P,2JEL.S64T
704,2JEL,HL_P,Jel42 antibody,HPr,P:T34Q,0.0,1.5,0.21,0.28,5.8,298,7.43, 10.1006/JMBI.1998.1888���,Other,,25.0,T34Q,P,2JEL.T34Q
705,2JEL,HL_P,Jel42 antibody,HPr,P:T36Q,0.41,1.5,0.21,0.28,5.8,298,7.43, 10.1006/JMBI.1998.1888���,Other,,25.0,T36Q,P,2JEL.T36Q
706,2JEL,HL_P,Jel42 antibody,HPr,P:T62A,0.0,1.5,0.21,0.28,5.8,298,7.43, 10.1006/JMBI.1998.1888���,Other,,25.0,T62A,P,2JEL.T62A
707,2JEL,HL_P,Jel42 antibody,HPr,P:T62N,0.0,1.5,0.21,0.28,5.8,298,7.43, 10.1006/JMBI.1998.1888���,Other,,25.0,T62N,P,2JEL.T62N
708,2JEL,HL_P,Jel42 antibody,HPr,P:T7N,0.41,1.5,0.21,0.28,5.8,298,7.43, 10.1006/JMBI.1998.1888���,Other,,25.0,T7N,P,2JEL.T7N
709,2JEL,HL_P,Jel42 antibody,HPr,P:T7S,0.0,1.5,0.21,0.28,5.8,298,7.43, 10.1006/JMBI.1998.1888���,Other,,25.0,T7S,P,2JEL.T7S
710,2JEL,HL_P,Jel42 antibody,HPr,P:V6F,0.0,1.5,0.21,0.28,5.8,298,7.43, 10.1006/JMBI.1998.1888���,Other,,25.0,V6F,P,2JEL.V6F
742,2NYY,A_HL,Bont/A1,mAb CR1,A:D1058A,0.01,2.61,0.20600000000000002,0.246,5.5,100,13.91, 10.1038/NBT1269,KinExA,7.4,23.0,D1058A,A,2NYY.D1058A
743,2NYY,A_HL,Bont/A1,mAb CR1,A:D1062A,2.53,2.61,0.20600000000000002,0.246,5.5,100,13.91, 10.1038/NBT1269,KinExA,7.4,23.0,D1062A,A,2NYY.D1062A
744,2NYY,A_HL,Bont/A1,mAb CR1,A:E920A,2.84,2.61,0.20600000000000002,0.246,5.5,100,13.91, 10.1038/NBT1269,KinExA,7.4,23.0,E920A,A,2NYY.E920A
745,2NYY,A_HL,Bont/A1,mAb CR1,A:F917A,0.42,2.61,0.20600000000000002,0.246,5.5,100,13.91, 10.1038/NBT1269,KinExA,7.4,23.0,F917A,A,2NYY.F917A
746,2NYY,A_HL,Bont/A1,mAb CR1,A:F953A,4.06,2.61,0.20600000000000002,0.246,5.5,100,13.91, 10.1038/NBT1269,KinExA,7.4,23.0,F953A,A,2NYY.F953A
747,2NYY,A_HL,Bont/A1,mAb CR1,A:H1064A,7.32,2.61,0.20600000000000002,0.246,5.5,100,13.91, 10.1038/NBT1269,KinExA,7.4,23.0,H1064A,A,2NYY.H1064A
748,2NYY,A_HL,Bont/A1,mAb CR1,A:I956A,-0.01,2.61,0.20600000000000002,0.246,5.5,100,13.91, 10.1038/NBT1269,KinExA,7.4,23.0,I956A,A,2NYY.I956A
749,2NYY,A_HL,Bont/A1,mAb CR1,A:K1056A,-0.03,2.61,0.20600000000000002,0.246,5.5,100,13.91, 10.1038/NBT1269,KinExA,7.4,23.0,K1056A,A,2NYY.K1056A
750,2NYY,A_HL,Bont/A1,mAb CR1,A:K903A,0.29,2.61,0.20600000000000002,0.246,5.5,100,13.91, 10.1038/NBT1269,KinExA,7.4,23.0,K903A,A,2NYY.K903A
751,2NYY,A_HL,Bont/A1,mAb CR1,A:K923A,-0.14,2.61,0.20600000000000002,0.246,5.5,100,13.91, 10.1038/NBT1269,KinExA,7.4,23.0,K923A,A,2NYY.K923A
752,2NYY,A_HL,Bont/A1,mAb CR1,A:L919A,2.59,2.61,0.20600000000000002,0.246,5.5,100,13.91, 10.1038/NBT1269,KinExA,7.4,23.0,L919A,A,2NYY.L919A
753,2NYY,A_HL,Bont/A1,mAb CR1,A:N918A,0.89,2.61,0.20600000000000002,0.246,5.5,100,13.91, 10.1038/NBT1269,KinExA,7.4,23.0,N918A,A,2NYY.N918A
754,2NYY,A_HL,Bont/A1,mAb CR1,A:N954A,0.1,2.61,0.20600000000000002,0.246,5.5,100,13.91, 10.1038/NBT1269,KinExA,7.4,23.0,N954A,A,2NYY.N954A
755,2NYY,A_HL,Bont/A1,mAb CR1,A:Q915A,0.52,2.61,0.20600000000000002,0.246,5.5,100,13.91, 10.1038/NBT1269,KinExA,7.4,23.0,Q915A,A,2NYY.Q915A
756,2NYY,A_HL,Bont/A1,mAb CR1,A:R1061A,0.82,2.61,0.20600000000000002,0.246,5.5,100,13.91, 10.1038/NBT1269,KinExA,7.4,23.0,R1061A,A,2NYY.R1061A
757,2NYY,A_HL,Bont/A1,mAb CR1,A:R1294A,0.3,2.61,0.20600000000000002,0.246,5.5,100,13.91, 10.1038/NBT1269,KinExA,7.4,23.0,R1294A,A,2NYY.R1294A
758,2NYY,A_HL,Bont/A1,mAb CR1,A:S902A,-0.23,2.61,0.20600000000000002,0.246,5.5,100,13.91, 10.1038/NBT1269,KinExA,7.4,23.0,S902A,A,2NYY.S902A
759,2NYY,A_HL,Bont/A1,mAb CR1,A:S955A,0.0,2.61,0.20600000000000002,0.246,5.5,100,13.91, 10.1038/NBT1269,KinExA,7.4,23.0,S955A,A,2NYY.S955A
760,2NYY,A_HL,Bont/A1,mAb CR1,A:T1063A,1.62,2.61,0.20600000000000002,0.246,5.5,100,13.91, 10.1038/NBT1269,KinExA,7.4,23.0,T1063A,A,2NYY.T1063A
761,2NYY,A_HL,Bont/A1,mAb CR1,H:K30R,0.07,2.61,0.20600000000000002,0.246,5.5,100,13.91, 10.1038/NBT1269,KinExA,7.4,23.0,K30R,H,2NYY.K30R
762,2NYY,A_HL,Bont/A1,mAb CR1,H:M34Q,-0.06,2.61,0.20600000000000002,0.246,5.5,100,13.91, 10.1038/NBT1269,KinExA,7.4,23.0,M34Q,H,2NYY.M34Q
763,2NYY,A_HL,Bont/A1,mAb CR1,H:Y31D,0.07,2.61,0.20600000000000002,0.246,5.5,100,13.91, 10.1038/NBT1269,KinExA,7.4,23.0,Y31D,H,2NYY.Y31D
764,2NYY,A_HL,Bont/A1,mAb CR1,H:Y31Q,0.13,2.61,0.20600000000000002,0.246,5.5,100,13.91, 10.1038/NBT1269,KinExA,7.4,23.0,Y31Q,H,2NYY.Y31Q
765,2NYY,A_HL,Bont/A1,mAb CR1,H:Y57Q,0.52,2.61,0.20600000000000002,0.246,5.5,100,13.91, 10.1038/NBT1269,KinExA,7.4,23.0,Y57Q,H,2NYY.Y57Q
766,2NYY,A_HL,Bont/A1,mAb CR1,L:D30Y,0.65,2.61,0.20600000000000002,0.246,5.5,100,13.91, 10.1038/NBT1269,KinExA,7.4,23.0,D30Y,L,2NYY.D30Y
767,2NYY,A_HL,Bont/A1,mAb CR1,L:H34R,0.1,2.61,0.20600000000000002,0.246,5.5,100,13.91, 10.1038/NBT1269,KinExA,7.4,23.0,H34R,L,2NYY.H34R
768,2NYY,A_HL,Bont/A1,mAb CR1,L:S28Q,0.42,2.61,0.20600000000000002,0.246,5.5,100,13.91, 10.1038/NBT1269,KinExA,7.4,23.0,S28Q,L,2NYY.S28Q
769,2NYY,A_HL,Bont/A1,mAb CR1,L:S31N,-0.36,2.61,0.20600000000000002,0.246,5.5,100,13.91, 10.1038/NBT1269,KinExA,7.4,23.0,S31N,L,2NYY.S31N
770,2NZ9,A_HL,Bont/A1,mAb AR2,A:D1058A,-0.03,3.79,0.22399999999999998,0.278,5.6,100,18.0, 10.1038/NBT1269,KinExA,7.4,23.0,D1058A,A,2NZ9.D1058A
771,2NZ9,A_HL,Bont/A1,mAb AR2,A:D1062A,2.34,3.79,0.22399999999999998,0.278,5.6,100,18.0, 10.1038/NBT1269,KinExA,7.4,23.0,D1062A,A,2NZ9.D1062A
772,2NZ9,A_HL,Bont/A1,mAb AR2,A:E920A,2.77,3.79,0.22399999999999998,0.278,5.6,100,18.0, 10.1038/NBT1269,KinExA,7.4,23.0,E920A,A,2NZ9.E920A
773,2NZ9,A_HL,Bont/A1,mAb AR2,A:F917A,-0.05,3.79,0.22399999999999998,0.278,5.6,100,18.0, 10.1038/NBT1269,KinExA,7.4,23.0,F917A,A,2NZ9.F917A
774,2NZ9,A_HL,Bont/A1,mAb AR2,A:F953A,3.34,3.79,0.22399999999999998,0.278,5.6,100,18.0, 10.1038/NBT1269,KinExA,7.4,23.0,F953A,A,2NZ9.F953A
775,2NZ9,A_HL,Bont/A1,mAb AR2,A:H1064A,7.42,3.79,0.22399999999999998,0.278,5.6,100,18.0, 10.1038/NBT1269,KinExA,7.4,23.0,H1064A,A,2NZ9.H1064A
776,2NZ9,A_HL,Bont/A1,mAb AR2,A:I956A,0.07,3.79,0.22399999999999998,0.278,5.6,100,18.0, 10.1038/NBT1269,KinExA,7.4,23.0,I956A,A,2NZ9.I956A
777,2NZ9,A_HL,Bont/A1,mAb AR2,A:K1056A,-0.01,3.79,0.22399999999999998,0.278,5.6,100,18.0, 10.1038/NBT1269,KinExA,7.4,23.0,K1056A,A,2NZ9.K1056A
778,2NZ9,A_HL,Bont/A1,mAb AR2,A:K903A,0.54,3.79,0.22399999999999998,0.278,5.6,100,18.0, 10.1038/NBT1269,KinExA,7.4,23.0,K903A,A,2NZ9.K903A
779,2NZ9,A_HL,Bont/A1,mAb AR2,A:K923A,-0.3,3.79,0.22399999999999998,0.278,5.6,100,18.0, 10.1038/NBT1269,KinExA,7.4,23.0,K923A,A,2NZ9.K923A
780,2NZ9,A_HL,Bont/A1,mAb AR2,A:L919A,2.28,3.79,0.22399999999999998,0.278,5.6,100,18.0, 10.1038/NBT1269,KinExA,7.4,23.0,L919A,A,2NZ9.L919A
781,2NZ9,A_HL,Bont/A1,mAb AR2,A:N918A,2.16,3.79,0.22399999999999998,0.278,5.6,100,18.0, 10.1038/NBT1269,KinExA,7.4,23.0,N918A,A,2NZ9.N918A
782,2NZ9,A_HL,Bont/A1,mAb AR2,A:N954A,-0.15,3.79,0.22399999999999998,0.278,5.6,100,18.0, 10.1038/NBT1269,KinExA,7.4,23.0,N954A,A,2NZ9.N954A
783,2NZ9,A_HL,Bont/A1,mAb AR2,A:Q915A,0.1,3.79,0.22399999999999998,0.278,5.6,100,18.0, 10.1038/NBT1269,KinExA,7.4,23.0,Q915A,A,2NZ9.Q915A
784,2NZ9,A_HL,Bont/A1,mAb AR2,A:R1061A,0.29,3.79,0.22399999999999998,0.278,5.6,100,18.0, 10.1038/NBT1269,KinExA,7.4,23.0,R1061A,A,2NZ9.R1061A
785,2NZ9,A_HL,Bont/A1,mAb AR2,A:R1294A,0.39,3.79,0.22399999999999998,0.278,5.6,100,18.0, 10.1038/NBT1269,KinExA,7.4,23.0,R1294A,A,2NZ9.R1294A
786,2NZ9,A_HL,Bont/A1,mAb AR2,A:S902A,-0.12,3.79,0.22399999999999998,0.278,5.6,100,18.0, 10.1038/NBT1269,KinExA,7.4,23.0,S902A,A,2NZ9.S902A
787,2NZ9,A_HL,Bont/A1,mAb AR2,A:S955A,-0.08,3.79,0.22399999999999998,0.278,5.6,100,18.0, 10.1038/NBT1269,KinExA,7.4,23.0,S955A,A,2NZ9.S955A
788,2NZ9,A_HL,Bont/A1,mAb AR2,A:T1063A,2.37,3.79,0.22399999999999998,0.278,5.6,100,18.0, 10.1038/NBT1269,KinExA,7.4,23.0,T1063A,A,2NZ9.T1063A
789,3BDY,HL_V,Dual specific bH1 Fab,VEGF,H:D31A,0.2,2.6,0.19399999999999998,0.252,7.5,100,2.12, 10.1126/SCIENCE.1165480,Phage ELISA,,,D31A,H,3BDY.D31A
790,3BDY,HL_V,Dual specific bH1 Fab,VEGF,H:D98A,0.0,2.6,0.19399999999999998,0.252,7.5,100,2.12, 10.1126/SCIENCE.1165480,Phage ELISA,,,D98A,H,3BDY.D98A
791,3BDY,HL_V,Dual specific bH1 Fab,VEGF,H:F100A,0.7,2.6,0.19399999999999998,0.252,7.5,100,2.12, 10.1126/SCIENCE.1165480,Phage ELISA,,,F100A,H,3BDY.F100A
792,3BDY,HL_V,Dual specific bH1 Fab,VEGF,H:G96A,0.2,2.6,0.19399999999999998,0.252,7.5,100,2.12, 10.1126/SCIENCE.1165480,Phage ELISA,,,G96A,H,3BDY.G96A
793,3BDY,HL_V,Dual specific bH1 Fab,VEGF,H:G97A,-0.1,2.6,0.19399999999999998,0.252,7.5,100,2.12, 10.1126/SCIENCE.1165480,Phage ELISA,,,G97A,H,3BDY.G97A
794,3BDY,HL_V,Dual specific bH1 Fab,VEGF,H:G99A,0.8,2.6,0.19399999999999998,0.252,7.5,100,2.12, 10.1126/SCIENCE.1165480,Phage ELISA,,,G99A,H,3BDY.G99A
795,3BDY,HL_V,Dual specific bH1 Fab,VEGF,H:K30A,0.2,2.6,0.19399999999999998,0.252,7.5,100,2.12, 10.1126/SCIENCE.1165480,Phage ELISA,,,K30A,H,3BDY.K30A
796,3BDY,HL_V,Dual specific bH1 Fab,VEGF,H:N54A,-0.2,2.6,0.19399999999999998,0.252,7.5,100,2.12, 10.1126/SCIENCE.1165480,Phage ELISA,,,N54A,H,3BDY.N54A
797,3BDY,HL_V,Dual specific bH1 Fab,VEGF,H:R50A,-0.3,2.6,0.19399999999999998,0.252,7.5,100,2.12, 10.1126/SCIENCE.1165480,Phage ELISA,,,R50A,H,3BDY.R50A
798,3BDY,HL_V,Dual specific bH1 Fab,VEGF,H:R58A,-0.2,2.6,0.19399999999999998,0.252,7.5,100,2.12, 10.1126/SCIENCE.1165480,Phage ELISA,,,R58A,H,3BDY.R58A
799,3BDY,HL_V,Dual specific bH1 Fab,VEGF,H:T32A,-0.4,2.6,0.19399999999999998,0.252,7.5,100,2.12, 10.1126/SCIENCE.1165480,Phage ELISA,,,T32A,H,3BDY.T32A
800,3BDY,HL_V,Dual specific bH1 Fab,VEGF,H:T53A,-0.5,2.6,0.19399999999999998,0.252,7.5,100,2.12, 10.1126/SCIENCE.1165480,Phage ELISA,,,T53A,H,3BDY.T53A
801,3BDY,HL_V,Dual specific bH1 Fab,VEGF,H:W95A,2.0,2.6,0.19399999999999998,0.252,7.5,100,2.12, 10.1126/SCIENCE.1165480,Phage ELISA,,,W95A,H,3BDY.W95A
802,3BDY,HL_V,Dual specific bH1 Fab,VEGF,H:Y100aA,0.5,2.6,0.19399999999999998,0.252,7.5,100,2.12, 10.1126/SCIENCE.1165480,Phage ELISA,,,Y100aA,H,3BDY.Y100aA
803,3BDY,HL_V,Dual specific bH1 Fab,VEGF,H:Y33A,0.3,2.6,0.19399999999999998,0.252,7.5,100,2.12, 10.1126/SCIENCE.1165480,Phage ELISA,,,Y33A,H,3BDY.Y33A
804,3BDY,HL_V,Dual specific bH1 Fab,VEGF,H:Y52A,0.4,2.6,0.19399999999999998,0.252,7.5,100,2.12, 10.1126/SCIENCE.1165480,Phage ELISA,,,Y52A,H,3BDY.Y52A
805,3BDY,HL_V,Dual specific bH1 Fab,VEGF,H:Y56A,0.2,2.6,0.19399999999999998,0.252,7.5,100,2.12, 10.1126/SCIENCE.1165480,Phage ELISA,,,Y56A,H,3BDY.Y56A
806,3BDY,HL_V,Dual specific bH1 Fab,VEGF,L:D27aA,0.0,2.6,0.19399999999999998,0.252,7.5,100,2.12, 10.1126/SCIENCE.1165480,Phage ELISA,,,D27aA,L,3BDY.D27aA
807,3BDY,HL_V,Dual specific bH1 Fab,VEGF,L:G31A,1.2,2.6,0.19399999999999998,0.252,7.5,100,2.12, 10.1126/SCIENCE.1165480,Phage ELISA,,,G31A,L,3BDY.G31A
808,3BDY,HL_V,Dual specific bH1 Fab,VEGF,L:G51A,1.0,2.6,0.19399999999999998,0.252,7.5,100,2.12, 10.1126/SCIENCE.1165480,Phage ELISA,,,G51A,L,3BDY.G51A
809,3BDY,HL_V,Dual specific bH1 Fab,VEGF,L:H91A,2.0,2.6,0.19399999999999998,0.252,7.5,100,2.12, 10.1126/SCIENCE.1165480,Phage ELISA,,,H91A,L,3BDY.H91A
810,3BDY,HL_V,Dual specific bH1 Fab,VEGF,L:I27bA,1.1,2.6,0.19399999999999998,0.252,7.5,100,2.12, 10.1126/SCIENCE.1165480,Phage ELISA,,,I27bA,L,3BDY.I27bA
811,3BDY,HL_V,Dual specific bH1 Fab,VEGF,L:I29A,0.8,2.6,0.19399999999999998,0.252,7.5,100,2.12, 10.1126/SCIENCE.1165480,Phage ELISA,,,I29A,L,3BDY.I29A
812,3BDY,HL_V,Dual specific bH1 Fab,VEGF,L:P27cA,0.2,2.6,0.19399999999999998,0.252,7.5,100,2.12, 10.1126/SCIENCE.1165480,Phage ELISA,,,P27cA,L,3BDY.P27cA
813,3BDY,HL_V,Dual specific bH1 Fab,VEGF,L:R27dA,-0.2,2.6,0.19399999999999998,0.252,7.5,100,2.12, 10.1126/SCIENCE.1165480,Phage ELISA,,,R27dA,L,3BDY.R27dA
814,3BDY,HL_V,Dual specific bH1 Fab,VEGF,L:S28A,1.0,2.6,0.19399999999999998,0.252,7.5,100,2.12, 10.1126/SCIENCE.1165480,Phage ELISA,,,S28A,L,3BDY.S28A
815,3BDY,HL_V,Dual specific bH1 Fab,VEGF,L:S30A,1.3,2.6,0.19399999999999998,0.252,7.5,100,2.12, 10.1126/SCIENCE.1165480,Phage ELISA,,,S30A,L,3BDY.S30A
816,3BDY,HL_V,Dual specific bH1 Fab,VEGF,L:S52A,0.1,2.6,0.19399999999999998,0.252,7.5,100,2.12, 10.1126/SCIENCE.1165480,Phage ELISA,,,S52A,L,3BDY.S52A
817,3BDY,HL_V,Dual specific bH1 Fab,VEGF,L:T93A,-0.3,2.6,0.19399999999999998,0.252,7.5,100,2.12, 10.1126/SCIENCE.1165480,Phage ELISA,,,T93A,L,3BDY.T93A
818,3BDY,HL_V,Dual specific bH1 Fab,VEGF,L:T94A,0.0,2.6,0.19399999999999998,0.252,7.5,100,2.12, 10.1126/SCIENCE.1165480,Phage ELISA,,,T94A,L,3BDY.T94A
819,3BDY,HL_V,Dual specific bH1 Fab,VEGF,L:W50A,1.3,2.6,0.19399999999999998,0.252,7.5,100,2.12, 10.1126/SCIENCE.1165480,Phage ELISA,,,W50A,L,3BDY.W50A
820,3BDY,HL_V,Dual specific bH1 Fab,VEGF,L:Y32A,1.7,2.6,0.19399999999999998,0.252,7.5,100,2.12, 10.1126/SCIENCE.1165480,Phage ELISA,,,Y32A,L,3BDY.Y32A
821,3BDY,HL_V,Dual specific bH1 Fab,VEGF,L:Y53A,0.7,2.6,0.19399999999999998,0.252,7.5,100,2.12, 10.1126/SCIENCE.1165480,Phage ELISA,,,Y53A,L,3BDY.Y53A
822,3BDY,HL_V,Dual specific bH1 Fab,VEGF,L:Y92A,1.4,2.6,0.19399999999999998,0.252,7.5,100,2.12, 10.1126/SCIENCE.1165480,Phage ELISA,,,Y92A,L,3BDY.Y92A
823,3BE1,A_HL,Dual specific bH1 Fab,HER2/ErbB-2,H:D31A,0.4,2.9,0.23600000000000002,0.277,8,100,8.16, 10.1126/SCIENCE.1165480,Phage ELISA,,,D31A,H,3BE1.D31A
824,3BE1,A_HL,Dual specific bH1 Fab,HER2/ErbB-2,H:D98A,-0.1,2.9,0.23600000000000002,0.277,8,100,8.16, 10.1126/SCIENCE.1165480,Phage ELISA,,,D98A,H,3BE1.D98A
825,3BE1,A_HL,Dual specific bH1 Fab,HER2/ErbB-2,H:F100A,1.9,2.9,0.23600000000000002,0.277,8,100,8.16, 10.1126/SCIENCE.1165480,Phage ELISA,,,F100A,H,3BE1.F100A
826,3BE1,A_HL,Dual specific bH1 Fab,HER2/ErbB-2,H:G96A,0.1,2.9,0.23600000000000002,0.277,8,100,8.16, 10.1126/SCIENCE.1165480,Phage ELISA,,,G96A,H,3BE1.G96A
827,3BE1,A_HL,Dual specific bH1 Fab,HER2/ErbB-2,H:G97A,0.3,2.9,0.23600000000000002,0.277,8,100,8.16, 10.1126/SCIENCE.1165480,Phage ELISA,,,G97A,H,3BE1.G97A
828,3BE1,A_HL,Dual specific bH1 Fab,HER2/ErbB-2,H:G99A,1.8,2.9,0.23600000000000002,0.277,8,100,8.16, 10.1126/SCIENCE.1165480,Phage ELISA,,,G99A,H,3BE1.G99A
829,3BE1,A_HL,Dual specific bH1 Fab,HER2/ErbB-2,H:K30A,-0.3,2.9,0.23600000000000002,0.277,8,100,8.16, 10.1126/SCIENCE.1165480,Phage ELISA,,,K30A,H,3BE1.K30A
830,3BE1,A_HL,Dual specific bH1 Fab,HER2/ErbB-2,H:N54A,-0.8,2.9,0.23600000000000002,0.277,8,100,8.16, 10.1126/SCIENCE.1165480,Phage ELISA,,,N54A,H,3BE1.N54A
831,3BE1,A_HL,Dual specific bH1 Fab,HER2/ErbB-2,H:R50A,2.4,2.9,0.23600000000000002,0.277,8,100,8.16, 10.1126/SCIENCE.1165480,Phage ELISA,,,R50A,H,3BE1.R50A
832,3BE1,A_HL,Dual specific bH1 Fab,HER2/ErbB-2,H:R58A,2.5,2.9,0.23600000000000002,0.277,8,100,8.16, 10.1126/SCIENCE.1165480,Phage ELISA,,,R58A,H,3BE1.R58A
833,3BE1,A_HL,Dual specific bH1 Fab,HER2/ErbB-2,H:T32A,-0.4,2.9,0.23600000000000002,0.277,8,100,8.16, 10.1126/SCIENCE.1165480,Phage ELISA,,,T32A,H,3BE1.T32A
834,3BE1,A_HL,Dual specific bH1 Fab,HER2/ErbB-2,H:T53A,0.1,2.9,0.23600000000000002,0.277,8,100,8.16, 10.1126/SCIENCE.1165480,Phage ELISA,,,T53A,H,3BE1.T53A
835,3BE1,A_HL,Dual specific bH1 Fab,HER2/ErbB-2,H:W95A,1.8,2.9,0.23600000000000002,0.277,8,100,8.16, 10.1126/SCIENCE.1165480,Phage ELISA,,,W95A,H,3BE1.W95A
836,3BE1,A_HL,Dual specific bH1 Fab,HER2/ErbB-2,H:Y100aA,1.2,2.9,0.23600000000000002,0.277,8,100,8.16, 10.1126/SCIENCE.1165480,Phage ELISA,,,Y100aA,H,3BE1.Y100aA
837,3BE1,A_HL,Dual specific bH1 Fab,HER2/ErbB-2,H:Y33A,2.4,2.9,0.23600000000000002,0.277,8,100,8.16, 10.1126/SCIENCE.1165480,Phage ELISA,,,Y33A,H,3BE1.Y33A
838,3BE1,A_HL,Dual specific bH1 Fab,HER2/ErbB-2,H:Y52A,-0.8,2.9,0.23600000000000002,0.277,8,100,8.16, 10.1126/SCIENCE.1165480,Phage ELISA,,,Y52A,H,3BE1.Y52A
839,3BE1,A_HL,Dual specific bH1 Fab,HER2/ErbB-2,H:Y56A,1.8,2.9,0.23600000000000002,0.277,8,100,8.16, 10.1126/SCIENCE.1165480,Phage ELISA,,,Y56A,H,3BE1.Y56A
840,3BE1,A_HL,Dual specific bH1 Fab,HER2/ErbB-2,L:D27aA,0.0,2.9,0.23600000000000002,0.277,8,100,8.16, 10.1126/SCIENCE.1165480,Phage ELISA,,,D27aA,L,3BE1.D27aA
841,3BE1,A_HL,Dual specific bH1 Fab,HER2/ErbB-2,L:G31A,0.3,2.9,0.23600000000000002,0.277,8,100,8.16, 10.1126/SCIENCE.1165480,Phage ELISA,,,G31A,L,3BE1.G31A
842,3BE1,A_HL,Dual specific bH1 Fab,HER2/ErbB-2,L:G51A,-0.3,2.9,0.23600000000000002,0.277,8,100,8.16, 10.1126/SCIENCE.1165480,Phage ELISA,,,G51A,L,3BE1.G51A
843,3BE1,A_HL,Dual specific bH1 Fab,HER2/ErbB-2,L:H91A,0.9,2.9,0.23600000000000002,0.277,8,100,8.16, 10.1126/SCIENCE.1165480,Phage ELISA,,,H91A,L,3BE1.H91A
844,3BE1,A_HL,Dual specific bH1 Fab,HER2/ErbB-2,L:I27bA,-0.2,2.9,0.23600000000000002,0.277,8,100,8.16, 10.1126/SCIENCE.1165480,Phage ELISA,,,I27bA,L,3BE1.I27bA
845,3BE1,A_HL,Dual specific bH1 Fab,HER2/ErbB-2,L:I29A,0.9,2.9,0.23600000000000002,0.277,8,100,8.16, 10.1126/SCIENCE.1165480,Phage ELISA,,,I29A,L,3BE1.I29A
846,3BE1,A_HL,Dual specific bH1 Fab,HER2/ErbB-2,L:P27cA,0.1,2.9,0.23600000000000002,0.277,8,100,8.16, 10.1126/SCIENCE.1165480,Phage ELISA,,,P27cA,L,3BE1.P27cA
847,3BE1,A_HL,Dual specific bH1 Fab,HER2/ErbB-2,L:R27dA,-0.2,2.9,0.23600000000000002,0.277,8,100,8.16, 10.1126/SCIENCE.1165480,Phage ELISA,,,R27dA,L,3BE1.R27dA
848,3BE1,A_HL,Dual specific bH1 Fab,HER2/ErbB-2,L:S28A,0.3,2.9,0.23600000000000002,0.277,8,100,8.16, 10.1126/SCIENCE.1165480,Phage ELISA,,,S28A,L,3BE1.S28A
849,3BE1,A_HL,Dual specific bH1 Fab,HER2/ErbB-2,L:S30A,-0.2,2.9,0.23600000000000002,0.277,8,100,8.16, 10.1126/SCIENCE.1165480,Phage ELISA,,,S30A,L,3BE1.S30A
850,3BE1,A_HL,Dual specific bH1 Fab,HER2/ErbB-2,L:S52A,0.3,2.9,0.23600000000000002,0.277,8,100,8.16, 10.1126/SCIENCE.1165480,Phage ELISA,,,S52A,L,3BE1.S52A
851,3BE1,A_HL,Dual specific bH1 Fab,HER2/ErbB-2,L:T93A,-0.4,2.9,0.23600000000000002,0.277,8,100,8.16, 10.1126/SCIENCE.1165480,Phage ELISA,,,T93A,L,3BE1.T93A
852,3BE1,A_HL,Dual specific bH1 Fab,HER2/ErbB-2,L:T94A,1.4,2.9,0.23600000000000002,0.277,8,100,8.16, 10.1126/SCIENCE.1165480,Phage ELISA,,,T94A,L,3BE1.T94A
853,3BE1,A_HL,Dual specific bH1 Fab,HER2/ErbB-2,L:W50A,1.4,2.9,0.23600000000000002,0.277,8,100,8.16, 10.1126/SCIENCE.1165480,Phage ELISA,,,W50A,L,3BE1.W50A
854,3BE1,A_HL,Dual specific bH1 Fab,HER2/ErbB-2,L:Y32A,-0.8,2.9,0.23600000000000002,0.277,8,100,8.16, 10.1126/SCIENCE.1165480,Phage ELISA,,,Y32A,L,3BE1.Y32A
855,3BE1,A_HL,Dual specific bH1 Fab,HER2/ErbB-2,L:Y53A,0.9,2.9,0.23600000000000002,0.277,8,100,8.16, 10.1126/SCIENCE.1165480,Phage ELISA,,,Y53A,L,3BE1.Y53A
856,3BE1,A_HL,Dual specific bH1 Fab,HER2/ErbB-2,L:Y92A,0.5,2.9,0.23600000000000002,0.277,8,100,8.16, 10.1126/SCIENCE.1165480,Phage ELISA,,,Y92A,L,3BE1.Y92A
857,3BN9,A_HL,MT-SP1,Fab Inhibitor E2,A:D217A,0.57,2.17,0.223,0.267,8,100,21.13, 10.1016/J.JMB.2008.05.009,Enzymatic 2,8.5,25.0,D217A,A,3BN9.D217A
858,3BN9,A_HL,MT-SP1,Fab Inhibitor E2,A:D60aA,0.42,2.17,0.223,0.267,8,100,21.13, 10.1016/J.JMB.2008.05.009,Enzymatic 2,8.5,25.0,D60aA,A,3BN9.D60aA
859,3BN9,A_HL,MT-SP1,Fab Inhibitor E2,A:D60bA,0.31,2.17,0.223,0.267,8,100,21.13, 10.1016/J.JMB.2008.05.009,Enzymatic 2,8.5,25.0,D60bA,A,3BN9.D60bA
860,3BN9,A_HL,MT-SP1,Fab Inhibitor E2,A:D96A,6.7,2.17,0.223,0.267,8,100,21.13, 10.1016/J.JMB.2008.05.009,Enzymatic 2,8.5,25.0,D96A,A,3BN9.D96A
861,3BN9,A_HL,MT-SP1,Fab Inhibitor E2,A:E169A,0.37,2.17,0.223,0.267,8,100,21.13, 10.1016/J.JMB.2008.05.009,Enzymatic 2,8.5,25.0,E169A,A,3BN9.E169A
862,3BN9,A_HL,MT-SP1,Fab Inhibitor E2,A:F60eA,-0.05,2.17,0.223,0.267,8,100,21.13, 10.1016/J.JMB.2008.05.009,Enzymatic 2,8.5,25.0,F60eA,A,3BN9.F60eA
863,3BN9,A_HL,MT-SP1,Fab Inhibitor E2,A:F94A,0.64,2.17,0.223,0.267,8,100,21.13, 10.1016/J.JMB.2008.05.009,Enzymatic 2,8.5,25.0,F94A,A,3BN9.F94A
864,3BN9,A_HL,MT-SP1,Fab Inhibitor E2,A:F97A,6.7,2.17,0.223,0.267,8,100,21.13, 10.1016/J.JMB.2008.05.009,Enzymatic 2,8.5,25.0,F97A,A,3BN9.F97A
865,3BN9,A_HL,MT-SP1,Fab Inhibitor E2,A:H143A,0.09,2.17,0.223,0.267,8,100,21.13, 10.1016/J.JMB.2008.05.009,Enzymatic 2,8.5,25.0,H143A,A,3BN9.H143A
866,3BN9,A_HL,MT-SP1,Fab Inhibitor E2,A:I41A,0.0,2.17,0.223,0.267,8,100,21.13, 10.1016/J.JMB.2008.05.009,Enzymatic 2,8.5,25.0,I41A,A,3BN9.I41A
867,3BN9,A_HL,MT-SP1,Fab Inhibitor E2,A:I60A,0.84,2.17,0.223,0.267,8,100,21.13, 10.1016/J.JMB.2008.05.009,Enzymatic 2,8.5,25.0,I60A,A,3BN9.I60A
868,3BN9,A_HL,MT-SP1,Fab Inhibitor E2,A:K224A,0.79,2.17,0.223,0.267,8,100,21.13, 10.1016/J.JMB.2008.05.009,Enzymatic 2,8.5,25.0,K224A,A,3BN9.K224A
869,3BN9,A_HL,MT-SP1,Fab Inhibitor E2,A:L153A,0.34,2.17,0.223,0.267,8,100,21.13, 10.1016/J.JMB.2008.05.009,Enzymatic 2,8.5,25.0,L153A,A,3BN9.L153A
870,3BN9,A_HL,MT-SP1,Fab Inhibitor E2,A:N95A,0.77,2.17,0.223,0.267,8,100,21.13, 10.1016/J.JMB.2008.05.009,Enzymatic 2,8.5,25.0,N95A,A,3BN9.N95A
871,3BN9,A_HL,MT-SP1,Fab Inhibitor E2,A:Q145A,0.13,2.17,0.223,0.267,8,100,21.13, 10.1016/J.JMB.2008.05.009,Enzymatic 2,8.5,25.0,Q145A,A,3BN9.Q145A
872,3BN9,A_HL,MT-SP1,Fab Inhibitor E2,A:Q174A,-0.03,2.17,0.223,0.267,8,100,21.13, 10.1016/J.JMB.2008.05.009,Enzymatic 2,8.5,25.0,Q174A,A,3BN9.Q174A
873,3BN9,A_HL,MT-SP1,Fab Inhibitor E2,A:Q175A,2.51,2.17,0.223,0.267,8,100,21.13, 10.1016/J.JMB.2008.05.009,Enzymatic 2,8.5,25.0,Q175A,A,3BN9.Q175A
874,3BN9,A_HL,MT-SP1,Fab Inhibitor E2,A:Q221aA,0.71,2.17,0.223,0.267,8,100,21.13, 10.1016/J.JMB.2008.05.009,Enzymatic 2,8.5,25.0,Q221aA,A,3BN9.Q221aA
875,3BN9,A_HL,MT-SP1,Fab Inhibitor E2,A:Q38A,-0.42,2.17,0.223,0.267,8,100,21.13, 10.1016/J.JMB.2008.05.009,Enzymatic 2,8.5,25.0,Q38A,A,3BN9.Q38A
876,3BN9,A_HL,MT-SP1,Fab Inhibitor E2,A:R222A,-0.09,2.17,0.223,0.267,8,100,21.13, 10.1016/J.JMB.2008.05.009,Enzymatic 2,8.5,25.0,R222A,A,3BN9.R222A
877,3BN9,A_HL,MT-SP1,Fab Inhibitor E2,A:R60cA,-0.05,2.17,0.223,0.267,8,100,21.13, 10.1016/J.JMB.2008.05.009,Enzymatic 2,8.5,25.0,R60cA,A,3BN9.R60cA
878,3BN9,A_HL,MT-SP1,Fab Inhibitor E2,A:R60fA,-0.07,2.17,0.223,0.267,8,100,21.13, 10.1016/J.JMB.2008.05.009,Enzymatic 2,8.5,25.0,R60fA,A,3BN9.R60fA
879,3BN9,A_HL,MT-SP1,Fab Inhibitor E2,A:R87A,-0.16,2.17,0.223,0.267,8,100,21.13, 10.1016/J.JMB.2008.05.009,Enzymatic 2,8.5,25.0,R87A,A,3BN9.R87A
880,3BN9,A_HL,MT-SP1,Fab Inhibitor E2,A:T150A,0.29,2.17,0.223,0.267,8,100,21.13, 10.1016/J.JMB.2008.05.009,Enzymatic 2,8.5,25.0,T150A,A,3BN9.T150A
881,3BN9,A_HL,MT-SP1,Fab Inhibitor E2,A:T98A,1.13,2.17,0.223,0.267,8,100,21.13, 10.1016/J.JMB.2008.05.009,Enzymatic 2,8.5,25.0,T98A,A,3BN9.T98A
882,3BN9,A_HL,MT-SP1,Fab Inhibitor E2,A:Y146A,1.09,2.17,0.223,0.267,8,100,21.13, 10.1016/J.JMB.2008.05.009,Enzymatic 2,8.5,25.0,Y146A,A,3BN9.Y146A
883,3BN9,A_HL,MT-SP1,Fab Inhibitor E2,A:Y60gA,0.02,2.17,0.223,0.267,8,100,21.13, 10.1016/J.JMB.2008.05.009,Enzymatic 2,8.5,25.0,Y60gA,A,3BN9.Y60gA
884,3BN9,A_HL,MT-SP1,Fab Inhibitor E2,H:P100H,8.0,2.17,0.223,0.267,8,100,21.13, 10.1016/J.JMB.2008.05.009,Enzymatic 2,8.5,25.0,P100H,H,3BN9.P100H
885,3BN9,A_HL,MT-SP1,Fab Inhibitor E2,H:Q100aV,1.36,2.17,0.223,0.267,8,100,21.13, 10.1016/J.JMB.2008.05.009,Enzymatic 2,8.5,25.0,Q100aV,H,3BN9.Q100aV
886,3BN9,A_HL,MT-SP1,Fab Inhibitor E2,H:S30G,1.36,2.17,0.223,0.267,8,100,21.13, 10.1016/J.JMB.2008.05.009,Enzymatic 2,8.5,25.0,S30G,H,3BN9.S30G
887,3BN9,A_HL,MT-SP1,Fab Inhibitor E2,H:S30N,1.36,2.17,0.223,0.267,8,100,21.13, 10.1016/J.JMB.2008.05.009,Enzymatic 2,8.5,25.0,S30N,H,3BN9.S30N
888,3BN9,A_HL,MT-SP1,Fab Inhibitor E2,H:T28R,0.3,2.17,0.223,0.267,8,100,21.13, 10.1016/J.JMB.2008.05.009,Enzymatic 2,8.5,25.0,T28R,H,3BN9.T28R
889,3BN9,A_HL,MT-SP1,Fab Inhibitor E2,H:T98Q,0.0,2.17,0.223,0.267,8,100,21.13, 10.1016/J.JMB.2008.05.009,Enzymatic 2,8.5,25.0,T98Q,H,3BN9.T98Q
890,3BN9,A_HL,MT-SP1,Fab Inhibitor E2,H:T98R,-0.06,2.17,0.223,0.267,8,100,21.13, 10.1016/J.JMB.2008.05.009,Enzymatic 2,8.5,25.0,T98R,H,3BN9.T98R
891,3BN9,A_HL,MT-SP1,Fab Inhibitor E2,H:Y99S,0.41,2.17,0.223,0.267,8,100,21.13, 10.1016/J.JMB.2008.05.009,Enzymatic 2,8.5,25.0,Y99S,H,3BN9.Y99S
918,3HFM,HL_Y,HyHEL-10,FV,H:C95A,5.52,3.0,0.24600000000000002,na,na,na,46.85, 10.1073/PNAS.86.15.5938,Enzymatic 1,6.2 & 7.0,25.0,C95A,H,3HFM.C95A
919,3HFM,HL_Y,HyHEL-10,FV,H:C95F,3.25,3.0,0.24600000000000002,na,na,na,46.85, 10.1073/PNAS.86.15.5938,Enzymatic 1,6.2 & 7.0,25.0,C95F,H,3HFM.C95F
920,3HFM,HL_Y,HyHEL-10,FV,H:D32A,1.9,3.0,0.24600000000000002,na,na,na,46.85, 10.1073/PNAS.86.15.5938,Enzymatic 1,6.2 & 7.0,25.0,D32A,H,3HFM.D32A
921,3HFM,HL_Y,HyHEL-10,FV,H:D32N,0.17,3.0,0.24600000000000002,na,na,na,46.85, 10.1073/PNAS.86.15.5938,Enzymatic 1,6.2 & 7.0,25.0,D32N,H,3HFM.D32N
922,3HFM,HL_Y,HyHEL-10,FV,H:S31A,0.17,3.0,0.24600000000000002,na,na,na,46.85, 10.1073/PNAS.86.15.5938,Enzymatic 1,6.2 & 7.0,25.0,S31A,H,3HFM.S31A
923,3HFM,HL_Y,HyHEL-10,FV,H:Y33A,6.0,3.0,0.24600000000000002,na,na,na,46.85, 10.1073/PNAS.86.15.5938,Enzymatic 1,6.2 & 7.0,25.0,Y33A,H,3HFM.Y33A
924,3HFM,HL_Y,HyHEL-10,FV,H:Y50A,8.0,3.0,0.24600000000000002,na,na,na,46.85, 10.1073/PNAS.86.15.5938,Enzymatic 1,6.2 & 7.0,25.0,Y50A,H,3HFM.Y50A
925,3HFM,HL_Y,HyHEL-10,FV,L:N31A,5.22,3.0,0.24600000000000002,na,na,na,46.85, 10.1073/PNAS.86.15.5938,Enzymatic 1,6.2 & 7.0,25.0,N31A,L,3HFM.N31A
926,3HFM,HL_Y,HyHEL-10,FV,L:N31D,1.34,3.0,0.24600000000000002,na,na,na,46.85, 10.1073/PNAS.86.15.5938,Enzymatic 1,6.2 & 7.0,25.0,N31D,L,3HFM.N31D
927,3HFM,HL_Y,HyHEL-10,FV,L:N31E,5.67,3.0,0.24600000000000002,na,na,na,46.85, 10.1073/PNAS.86.15.5938,Enzymatic 1,6.2 & 7.0,25.0,N31E,L,3HFM.N31E
928,3HFM,HL_Y,HyHEL-10,FV,L:N32A,5.11,3.0,0.24600000000000002,na,na,na,46.85, 10.1073/PNAS.86.15.5938,Enzymatic 1,6.2 & 7.0,25.0,N32A,L,3HFM.N32A
929,3HFM,HL_Y,HyHEL-10,FV,L:Q53A,0.95,3.0,0.24600000000000002,na,na,na,46.85, 10.1073/PNAS.86.15.5938,Enzymatic 1,6.2 & 7.0,25.0,Q53A,L,3HFM.Q53A
930,3HFM,HL_Y,HyHEL-10,FV,L:Y50A,4.57,3.0,0.24600000000000002,na,na,na,46.85, 10.1073/PNAS.86.15.5938,Enzymatic 1,6.2 & 7.0,25.0,Y50A,L,3HFM.Y50A
931,3HFM,HL_Y,HyHEL-10,FV,L:Y50F,2.36,3.0,0.24600000000000002,na,na,na,46.85, 10.1073/PNAS.86.15.5938,Enzymatic 1,6.2 & 7.0,25.0,Y50F,L,3HFM.Y50F
932,3HFM,HL_Y,HyHEL-10,FV,L:Y50L,4.4,3.0,0.24600000000000002,na,na,na,46.85, 10.1073/PNAS.86.15.5938,Enzymatic 1,6.2 & 7.0,25.0,Y50L,L,3HFM.Y50L
933,3HFM,HL_Y,HyHEL-10,FV,L:Y96A,2.71,3.0,0.24600000000000002,na,na,na,46.85, 10.1073/PNAS.86.15.5938,Enzymatic 1,6.2 & 7.0,25.0,Y96A,L,3HFM.Y96A
934,3HFM,HL_Y,HyHEL-10,FV,L:Y96F,1.4,3.0,0.24600000000000002,na,na,na,46.85, 10.1073/PNAS.86.15.5938,Enzymatic 1,6.2 & 7.0,25.0,Y96F,L,3HFM.Y96F
935,3HFM,HL_Y,HyHEL-10,FV,Y:K96A,6.83,3.0,0.24600000000000002,na,na,na,46.85, 10.1073/PNAS.86.15.5938,Enzymatic 1,6.2 & 7.0,25.0,K96A,Y,3HFM.K96A
936,3HFM,HL_Y,HyHEL-10,FV,Y:K97A,6.18,3.0,0.24600000000000002,na,na,na,46.85, 10.1073/PNAS.86.15.5938,Enzymatic 1,6.2 & 7.0,25.0,K97A,Y,3HFM.K97A
937,3HFM,HL_Y,HyHEL-10,FV,Y:K97M,1.09,3.0,0.24600000000000002,na,na,na,46.85, 10.1073/PNAS.86.15.5938,Enzymatic 1,6.2 & 7.0,25.0,K97M,Y,3HFM.K97M
938,3HFM,HL_Y,HyHEL-10,FV,Y:R21A,1.03,3.0,0.24600000000000002,na,na,na,46.85, 10.1073/PNAS.86.15.5938,Enzymatic 1,6.2 & 7.0,25.0,R21A,Y,3HFM.R21A
939,3HFM,HL_Y,HyHEL-10,FV,Y:Y20A,4.87,3.0,0.24600000000000002,na,na,na,46.85, 10.1073/PNAS.86.15.5938,Enzymatic 1,6.2 & 7.0,25.0,Y20A,Y,3HFM.Y20A
940,3K2M,A_D,Monobody HA4/Abl1,SH2 Domain,D:E52A,2.5,1.75,0.18,0.221,8.5,100,4.79, 10.1038/NSMB.1793,Phage ELISA,,,E52A,D,3K2M.E52A
941,3K2M,A_D,Monobody HA4/Abl1,SH2 Domain,D:M88A,4.0,1.75,0.18,0.221,8.5,100,4.79, 10.1038/NSMB.1793,Phage ELISA,,,M88A,D,3K2M.M88A
942,3K2M,A_D,Monobody HA4/Abl1,SH2 Domain,D:R38A,2.5,1.75,0.18,0.221,8.5,100,4.79, 10.1038/NSMB.1793,Phage ELISA,,,R38A,D,3K2M.R38A
943,3K2M,A_D,Monobody HA4/Abl1,SH2 Domain,D:W80A,4.0,1.75,0.18,0.221,8.5,100,4.79, 10.1038/NSMB.1793,Phage ELISA,,,W80A,D,3K2M.W80A
944,3K2M,A_D,Monobody HA4/Abl1,SH2 Domain,D:Y35A,1.0,1.75,0.18,0.221,8.5,100,4.79, 10.1038/NSMB.1793,Phage ELISA,,,Y35A,D,3K2M.Y35A
945,3K2M,A_D,Monobody HA4/Abl1,SH2 Domain,D:Y36A,3.7,1.75,0.18,0.221,8.5,100,4.79, 10.1038/NSMB.1793,Phage ELISA,,,Y36A,D,3K2M.Y36A
946,3K2M,A_D,Monobody HA4/Abl1,SH2 Domain,D:Y87A,4.0,1.75,0.18,0.221,8.5,100,4.79, 10.1038/NSMB.1793,Phage ELISA,,,Y87A,D,3K2M.Y87A
951,3NGB,G_HL,VRC01,HIV-1 gp120,H:A56G,-0.06,2.68,0.19699999999999998,0.256,8.5,100,10.31, 10.1126/SCIENCE.1192819,ELISA,7.4,20.0,A56G,H,3NGB.A56G
952,3NGB,G_HL,VRC01,HIV-1 gp120,H:G54S,0.73,2.68,0.19699999999999998,0.256,8.5,100,10.31, 10.1126/SCIENCE.1192819,ELISA,7.4,20.0,G54S,H,3NGB.G54S
953,3NGB,G_HL,VRC01,HIV-1 gp120,H:I30T,0.08,2.68,0.19699999999999998,0.256,8.5,100,10.31, 10.1126/SCIENCE.1192819,ELISA,7.4,20.0,I30T,H,3NGB.I30T
954,3NGB,G_HL,VRC01,HIV-1 gp120,H:K52N,0.18,2.68,0.19699999999999998,0.256,8.5,100,10.31, 10.1126/SCIENCE.1192819,ELISA,7.4,20.0,K52N,H,3NGB.K52N
955,3NGB,G_HL,VRC01,HIV-1 gp120,H:P62K,0.23,2.68,0.19699999999999998,0.256,8.5,100,10.31, 10.1126/SCIENCE.1192819,ELISA,7.4,20.0,P62K,H,3NGB.P62K
956,3NGB,G_HL,VRC01,HIV-1 gp120,H:R53N,0.05,2.68,0.19699999999999998,0.256,8.5,100,10.31, 10.1126/SCIENCE.1192819,ELISA,7.4,20.0,R53N,H,3NGB.R53N
957,3NGB,G_HL,VRC01,HIV-1 gp120,H:R61Q,0.1,2.68,0.19699999999999998,0.256,8.5,100,10.31, 10.1126/SCIENCE.1192819,ELISA,7.4,20.0,R61Q,H,3NGB.R61Q
958,3NGB,G_HL,VRC01,HIV-1 gp120,H:T33Y,0.08,2.68,0.19699999999999998,0.256,8.5,100,10.31, 10.1126/SCIENCE.1192819,ELISA,7.4,20.0,T33Y,H,3NGB.T33Y
959,3NGB,G_HL,VRC01,HIV-1 gp120,H:V57T,0.14,2.68,0.19699999999999998,0.256,8.5,100,10.31, 10.1126/SCIENCE.1192819,ELISA,7.4,20.0,V57T,H,3NGB.V57T
960,3NGB,G_HL,VRC01,HIV-1 gp120,H:V73T,0.16,2.68,0.19699999999999998,0.256,8.5,100,10.31, 10.1126/SCIENCE.1192819,ELISA,7.4,20.0,V73T,H,3NGB.V73T
961,3NGB,G_HL,VRC01,HIV-1 gp120,H:Y74S,0.33,2.68,0.19699999999999998,0.256,8.5,100,10.31, 10.1126/SCIENCE.1192819,ELISA,7.4,20.0,Y74S,H,3NGB.Y74S
962,3NPS,A_BC,MT-SP1,Fab Inhibitor S4,A:D214A,1.48,1.5,0.19,0.228,na,100,7.12, 10.1016/J.JMB.2011.11.036���,Enzymatic 2,,25.0,D214A,A,3NPS.D214A
963,3NPS,A_BC,MT-SP1,Fab Inhibitor S4,A:D46A,0.34,1.5,0.19,0.228,na,100,7.12, 10.1016/J.JMB.2011.11.036���,Enzymatic 2,,25.0,D46A,A,3NPS.D46A
964,3NPS,A_BC,MT-SP1,Fab Inhibitor S4,A:D47A,1.08,1.5,0.19,0.228,na,100,7.12, 10.1016/J.JMB.2011.11.036���,Enzymatic 2,,25.0,D47A,A,3NPS.D47A
965,3NPS,A_BC,MT-SP1,Fab Inhibitor S4,A:D91A,1.52,1.5,0.19,0.228,na,100,7.12, 10.1016/J.JMB.2011.11.036���,Enzymatic 2,,25.0,D91A,A,3NPS.D91A
966,3NPS,A_BC,MT-SP1,Fab Inhibitor S4,A:E163A,0.62,1.5,0.19,0.228,na,100,7.12, 10.1016/J.JMB.2011.11.036���,Enzymatic 2,,25.0,E163A,A,3NPS.E163A
967,3NPS,A_BC,MT-SP1,Fab Inhibitor S4,A:F50A,0.22,1.5,0.19,0.228,na,100,7.12, 10.1016/J.JMB.2011.11.036���,Enzymatic 2,,25.0,F50A,A,3NPS.F50A
968,3NPS,A_BC,MT-SP1,Fab Inhibitor S4,A:F89A,1.61,1.5,0.19,0.228,na,100,7.12, 10.1016/J.JMB.2011.11.036���,Enzymatic 2,,25.0,F89A,A,3NPS.F89A
969,3NPS,A_BC,MT-SP1,Fab Inhibitor S4,A:F92A,0.47,1.5,0.19,0.228,na,100,7.12, 10.1016/J.JMB.2011.11.036���,Enzymatic 2,,25.0,F92A,A,3NPS.F92A
970,3NPS,A_BC,MT-SP1,Fab Inhibitor S4,A:H138A,1.89,1.5,0.19,0.228,na,100,7.12, 10.1016/J.JMB.2011.11.036���,Enzymatic 2,,25.0,H138A,A,3NPS.H138A
971,3NPS,A_BC,MT-SP1,Fab Inhibitor S4,A:I26A,0.65,1.5,0.19,0.228,na,100,7.12, 10.1016/J.JMB.2011.11.036���,Enzymatic 2,,25.0,I26A,A,3NPS.I26A
972,3NPS,A_BC,MT-SP1,Fab Inhibitor S4,A:I45A,-0.34,1.5,0.19,0.228,na,100,7.12, 10.1016/J.JMB.2011.11.036���,Enzymatic 2,,25.0,I45A,A,3NPS.I45A
973,3NPS,A_BC,MT-SP1,Fab Inhibitor S4,A:K221A,-0.1,1.5,0.19,0.228,na,100,7.12, 10.1016/J.JMB.2011.11.036���,Enzymatic 2,,25.0,K221A,A,3NPS.K221A
974,3NPS,A_BC,MT-SP1,Fab Inhibitor S4,A:L147A,0.3,1.5,0.19,0.228,na,100,7.12, 10.1016/J.JMB.2011.11.036���,Enzymatic 2,,25.0,L147A,A,3NPS.L147A
975,3NPS,A_BC,MT-SP1,Fab Inhibitor S4,A:N90A,0.26,1.5,0.19,0.228,na,100,7.12, 10.1016/J.JMB.2011.11.036���,Enzymatic 2,,25.0,N90A,A,3NPS.N90A
976,3NPS,A_BC,MT-SP1,Fab Inhibitor S4,A:Q140A,0.3,1.5,0.19,0.228,na,100,7.12, 10.1016/J.JMB.2011.11.036���,Enzymatic 2,,25.0,Q140A,A,3NPS.Q140A
977,3NPS,A_BC,MT-SP1,Fab Inhibitor S4,A:Q168A,-0.06,1.5,0.19,0.228,na,100,7.12, 10.1016/J.JMB.2011.11.036���,Enzymatic 2,,25.0,Q168A,A,3NPS.Q168A
978,3NPS,A_BC,MT-SP1,Fab Inhibitor S4,A:Q169A,0.75,1.5,0.19,0.228,na,100,7.12, 10.1016/J.JMB.2011.11.036���,Enzymatic 2,,25.0,Q169A,A,3NPS.Q169A
979,3NPS,A_BC,MT-SP1,Fab Inhibitor S4,A:Q218A,-0.04,1.5,0.19,0.228,na,100,7.12, 10.1016/J.JMB.2011.11.036���,Enzymatic 2,,25.0,Q218A,A,3NPS.Q218A
980,3NPS,A_BC,MT-SP1,Fab Inhibitor S4,A:Q23A,0.03,1.5,0.19,0.228,na,100,7.12, 10.1016/J.JMB.2011.11.036���,Enzymatic 2,,25.0,Q23A,A,3NPS.Q23A
981,3NPS,A_BC,MT-SP1,Fab Inhibitor S4,A:R219A,-0.08,1.5,0.19,0.228,na,100,7.12, 10.1016/J.JMB.2011.11.036���,Enzymatic 2,,25.0,R219A,A,3NPS.R219A
982,3NPS,A_BC,MT-SP1,Fab Inhibitor S4,A:R48A,-1.07,1.5,0.19,0.228,na,100,7.12, 10.1016/J.JMB.2011.11.036���,Enzymatic 2,,25.0,R48A,A,3NPS.R48A
983,3NPS,A_BC,MT-SP1,Fab Inhibitor S4,A:R51A,0.14,1.5,0.19,0.228,na,100,7.12, 10.1016/J.JMB.2011.11.036���,Enzymatic 2,,25.0,R51A,A,3NPS.R51A
984,3NPS,A_BC,MT-SP1,Fab Inhibitor S4,A:R82A,-0.15,1.5,0.19,0.228,na,100,7.12, 10.1016/J.JMB.2011.11.036���,Enzymatic 2,,25.0,R82A,A,3NPS.R82A
985,3NPS,A_BC,MT-SP1,Fab Inhibitor S4,A:T144A,0.18,1.5,0.19,0.228,na,100,7.12, 10.1016/J.JMB.2011.11.036���,Enzymatic 2,,25.0,T144A,A,3NPS.T144A
986,3NPS,A_BC,MT-SP1,Fab Inhibitor S4,A:T93A,0.73,1.5,0.19,0.228,na,100,7.12, 10.1016/J.JMB.2011.11.036���,Enzymatic 2,,25.0,T93A,A,3NPS.T93A
987,3NPS,A_BC,MT-SP1,Fab Inhibitor S4,A:Y141A,1.79,1.5,0.19,0.228,na,100,7.12, 10.1016/J.JMB.2011.11.036���,Enzymatic 2,,25.0,Y141A,A,3NPS.Y141A
988,3NPS,A_BC,MT-SP1,Fab Inhibitor S4,A:Y52A,0.46,1.5,0.19,0.228,na,100,7.12, 10.1016/J.JMB.2011.11.036���,Enzymatic 2,,25.0,Y52A,A,3NPS.Y52A
