,#PDB,Assay Name,Assay Temp (Celcius),Assay pH,Chain,Mutation,PDB DOI,PDB MolProbity clashscore,PDB R-free,PDB R-value,PDB Res. (Angstroms),PDB T (K),PDB pH,Partners(A_B),Protein-1,Protein-2,ddG(kcal/mol)
0,1AK4,SPR,,6.5,D,A488G, 10.1016/S0092-8674(00)81823-1,4.71,0.306,0.23800000000000002,2.36,100,7,A_D,huCyc-A,HIV-1 CAPSID (N-Term),-2.49
1,1AK4,SPR,,6.5,D,A488V, 10.1016/S0092-8674(00)81823-1,4.71,0.306,0.23800000000000002,2.36,100,7,A_D,huCyc-A,HIV-1 CAPSID (N-Term),-0.6
2,1AK4,SPR,,6.5,D,A492G, 10.1016/S0092-8674(00)81823-1,4.71,0.306,0.23800000000000002,2.36,100,7,A_D,huCyc-A,HIV-1 CAPSID (N-Term),-0.41
3,1AK4,SPR,,6.5,D,A492V, 10.1016/S0092-8674(00)81823-1,4.71,0.306,0.23800000000000002,2.36,100,7,A_D,huCyc-A,HIV-1 CAPSID (N-Term),-0.19
4,1AK4,SPR,,6.5,D,G489A, 10.1016/S0092-8674(00)81823-1,4.71,0.306,0.23800000000000002,2.36,100,7,A_D,huCyc-A,HIV-1 CAPSID (N-Term),-1.91
5,1AK4,SPR,,6.5,D,G489V, 10.1016/S0092-8674(00)81823-1,4.71,0.306,0.23800000000000002,2.36,100,7,A_D,huCyc-A,HIV-1 CAPSID (N-Term),-2.86
6,1AK4,SPR,,6.5,D,H487A, 10.1016/S0092-8674(00)81823-1,4.71,0.306,0.23800000000000002,2.36,100,7,A_D,huCyc-A,HIV-1 CAPSID (N-Term),-0.84
7,1AK4,SPR,,6.5,D,H487Q, 10.1016/S0092-8674(00)81823-1,4.71,0.306,0.23800000000000002,2.36,100,7,A_D,huCyc-A,HIV-1 CAPSID (N-Term),-0.8
8,1AK4,SPR,,6.5,D,H487R, 10.1016/S0092-8674(00)81823-1,4.71,0.306,0.23800000000000002,2.36,100,7,A_D,huCyc-A,HIV-1 CAPSID (N-Term),-1.48
9,1AK4,SPR,,6.5,D,I491A, 10.1016/S0092-8674(00)81823-1,4.71,0.306,0.23800000000000002,2.36,100,7,A_D,huCyc-A,HIV-1 CAPSID (N-Term),-0.07
10,1AK4,SPR,,6.5,D,I491V, 10.1016/S0092-8674(00)81823-1,4.71,0.306,0.23800000000000002,2.36,100,7,A_D,huCyc-A,HIV-1 CAPSID (N-Term),0.17
11,1AK4,SPR,,6.5,D,P485A, 10.1016/S0092-8674(00)81823-1,4.71,0.306,0.23800000000000002,2.36,100,7,A_D,huCyc-A,HIV-1 CAPSID (N-Term),-0.92
12,1AK4,SPR,,6.5,D,P490A, 10.1016/S0092-8674(00)81823-1,4.71,0.306,0.23800000000000002,2.36,100,7,A_D,huCyc-A,HIV-1 CAPSID (N-Term),-2.0
13,1AK4,SPR,,6.5,D,P490V, 10.1016/S0092-8674(00)81823-1,4.71,0.306,0.23800000000000002,2.36,100,7,A_D,huCyc-A,HIV-1 CAPSID (N-Term),-2.86
14,1AK4,SPR,,6.5,D,P493A, 10.1016/S0092-8674(00)81823-1,4.71,0.306,0.23800000000000002,2.36,100,7,A_D,huCyc-A,HIV-1 CAPSID (N-Term),-0.51
15,1AK4,SPR,,6.5,D,V486A, 10.1016/S0092-8674(00)81823-1,4.71,0.306,0.23800000000000002,2.36,100,7,A_D,huCyc-A,HIV-1 CAPSID (N-Term),-0.82
16,1BJ1,SPR,37.0,,V,F17A, 10.1016/S0969-2126(98)00116-6,4.34,0.266,0.196,2.4,100,6,HL_VW,VEGF,Neutralizing mAb (fab-12),0.0
17,1BJ1,SPR,37.0,,V,Y21A, 10.1016/S0969-2126(98)00116-6,4.34,0.266,0.196,2.4,100,6,HL_VW,VEGF,Neutralizing mAb (fab-12),0.0
18,1BJ1,SPR,37.0,,W,E93A, 10.1016/S0969-2126(98)00116-6,4.34,0.266,0.196,2.4,100,6,HL_VW,VEGF,Neutralizing mAb (fab-12),-0.82
19,1BJ1,SPR,37.0,,W,G88A, 10.1016/S0969-2126(98)00116-6,4.34,0.266,0.196,2.4,100,6,HL_VW,VEGF,Neutralizing mAb (fab-12),-2.76
20,1BJ1,SPR,37.0,,W,G92A, 10.1016/S0969-2126(98)00116-6,4.34,0.266,0.196,2.4,100,6,HL_VW,VEGF,Neutralizing mAb (fab-12),-3.69
21,1BJ1,SPR,37.0,,W,H86A, 10.1016/S0969-2126(98)00116-6,4.34,0.266,0.196,2.4,100,6,HL_VW,VEGF,Neutralizing mAb (fab-12),0.0
22,1BJ1,SPR,37.0,,W,H90A, 10.1016/S0969-2126(98)00116-6,4.34,0.266,0.196,2.4,100,6,HL_VW,VEGF,Neutralizing mAb (fab-12),0.0
23,1BJ1,SPR,37.0,,W,I80A, 10.1016/S0969-2126(98)00116-6,4.34,0.266,0.196,2.4,100,6,HL_VW,VEGF,Neutralizing mAb (fab-12),-0.82
24,1BJ1,SPR,37.0,,W,I83A, 10.1016/S0969-2126(98)00116-6,4.34,0.266,0.196,2.4,100,6,HL_VW,VEGF,Neutralizing mAb (fab-12),-3.69
25,1BJ1,SPR,37.0,,W,I91A, 10.1016/S0969-2126(98)00116-6,4.34,0.266,0.196,2.4,100,6,HL_VW,VEGF,Neutralizing mAb (fab-12),-0.41
26,1BJ1,SPR,37.0,,W,K48A, 10.1016/S0969-2126(98)00116-6,4.34,0.266,0.196,2.4,100,6,HL_VW,VEGF,Neutralizing mAb (fab-12),-0.41
27,1BJ1,SPR,37.0,,W,K84A, 10.1016/S0969-2126(98)00116-6,4.34,0.266,0.196,2.4,100,6,HL_VW,VEGF,Neutralizing mAb (fab-12),-0.65
28,1BJ1,SPR,37.0,,W,M81A, 10.1016/S0969-2126(98)00116-6,4.34,0.266,0.196,2.4,100,6,HL_VW,VEGF,Neutralizing mAb (fab-12),-3.69
29,1BJ1,SPR,37.0,,W,M94A, 10.1016/S0969-2126(98)00116-6,4.34,0.266,0.196,2.4,100,6,HL_VW,VEGF,Neutralizing mAb (fab-12),-1.42
30,1BJ1,SPR,37.0,,W,Q79A, 10.1016/S0969-2126(98)00116-6,4.34,0.266,0.196,2.4,100,6,HL_VW,VEGF,Neutralizing mAb (fab-12),0.0
31,1BJ1,SPR,37.0,,W,Q87A, 10.1016/S0969-2126(98)00116-6,4.34,0.266,0.196,2.4,100,6,HL_VW,VEGF,Neutralizing mAb (fab-12),0.0
32,1BJ1,SPR,37.0,,W,Q89A, 10.1016/S0969-2126(98)00116-6,4.34,0.266,0.196,2.4,100,6,HL_VW,VEGF,Neutralizing mAb (fab-12),-1.75
33,1BJ1,SPR,37.0,,W,R82A, 10.1016/S0969-2126(98)00116-6,4.34,0.266,0.196,2.4,100,6,HL_VW,VEGF,Neutralizing mAb (fab-12),-3.69
34,1BJ1,SPR,37.0,,W,Y45A, 10.1016/S0969-2126(98)00116-6,4.34,0.266,0.196,2.4,100,6,HL_VW,VEGF,Neutralizing mAb (fab-12),-0.82
35,1CZ8,SPR,37.0,,V,F17A, 10.1006/JMBI.1999.3192,21.64,0.267,0.20800000000000002,2.4,100,6,HL_VW,VEGF,affinity matured mAb (Y0317),0.0
36,1CZ8,SPR,37.0,,V,Y21A, 10.1006/JMBI.1999.3192,21.64,0.267,0.20800000000000002,2.4,100,6,HL_VW,VEGF,affinity matured mAb (Y0317),0.0
37,1CZ8,SPR,37.0,,W,E93A, 10.1006/JMBI.1999.3192,21.64,0.267,0.20800000000000002,2.4,100,6,HL_VW,VEGF,affinity matured mAb (Y0317),-1.15
38,1CZ8,SPR,37.0,,W,G88A, 10.1006/JMBI.1999.3192,21.64,0.267,0.20800000000000002,2.4,100,6,HL_VW,VEGF,affinity matured mAb (Y0317),-2.67
39,1CZ8,SPR,37.0,,W,G92A, 10.1006/JMBI.1999.3192,21.64,0.267,0.20800000000000002,2.4,100,6,HL_VW,VEGF,affinity matured mAb (Y0317),-4.1
40,1CZ8,SPR,37.0,,W,H86A, 10.1006/JMBI.1999.3192,21.64,0.267,0.20800000000000002,2.4,100,6,HL_VW,VEGF,affinity matured mAb (Y0317),0.0
41,1CZ8,SPR,37.0,,W,H90A, 10.1006/JMBI.1999.3192,21.64,0.267,0.20800000000000002,2.4,100,6,HL_VW,VEGF,affinity matured mAb (Y0317),0.0
42,1CZ8,SPR,37.0,,W,I80A, 10.1006/JMBI.1999.3192,21.64,0.267,0.20800000000000002,2.4,100,6,HL_VW,VEGF,affinity matured mAb (Y0317),-0.95
43,1CZ8,SPR,37.0,,W,I83A, 10.1006/JMBI.1999.3192,21.64,0.267,0.20800000000000002,2.4,100,6,HL_VW,VEGF,affinity matured mAb (Y0317),-1.3
44,1CZ8,SPR,37.0,,W,I91A, 10.1006/JMBI.1999.3192,21.64,0.267,0.20800000000000002,2.4,100,6,HL_VW,VEGF,affinity matured mAb (Y0317),-1.06
45,1CZ8,SPR,37.0,,W,K48A, 10.1006/JMBI.1999.3192,21.64,0.267,0.20800000000000002,2.4,100,6,HL_VW,VEGF,affinity matured mAb (Y0317),0.0
46,1CZ8,SPR,37.0,,W,K84A, 10.1006/JMBI.1999.3192,21.64,0.267,0.20800000000000002,2.4,100,6,HL_VW,VEGF,affinity matured mAb (Y0317),-1.36
47,1CZ8,SPR,37.0,,W,M81A, 10.1006/JMBI.1999.3192,21.64,0.267,0.20800000000000002,2.4,100,6,HL_VW,VEGF,affinity matured mAb (Y0317),-4.1
48,1CZ8,SPR,37.0,,W,M94A, 10.1006/JMBI.1999.3192,21.64,0.267,0.20800000000000002,2.4,100,6,HL_VW,VEGF,affinity matured mAb (Y0317),-1.91
49,1CZ8,SPR,37.0,,W,Q79A, 10.1006/JMBI.1999.3192,21.64,0.267,0.20800000000000002,2.4,100,6,HL_VW,VEGF,affinity matured mAb (Y0317),-0.65
50,1CZ8,SPR,37.0,,W,Q87A, 10.1006/JMBI.1999.3192,21.64,0.267,0.20800000000000002,2.4,100,6,HL_VW,VEGF,affinity matured mAb (Y0317),0.0
51,1CZ8,SPR,37.0,,W,Q89A, 10.1006/JMBI.1999.3192,21.64,0.267,0.20800000000000002,2.4,100,6,HL_VW,VEGF,affinity matured mAb (Y0317),-1.06
52,1CZ8,SPR,37.0,,W,R82A, 10.1006/JMBI.1999.3192,21.64,0.267,0.20800000000000002,2.4,100,6,HL_VW,VEGF,affinity matured mAb (Y0317),-0.82
53,1CZ8,SPR,37.0,,W,Y45A, 10.1006/JMBI.1999.3192,21.64,0.267,0.20800000000000002,2.4,100,6,HL_VW,VEGF,affinity matured mAb (Y0317),-1.94
54,1DQJ,SPR,25.0,7.5,C,D101A, 10.1021/BI000054L,10.15,0.25,0.217,2.0,298,4.6,C_HL,HYHEL-63,Lysozyme,-1.3
55,1DQJ,SPR,25.0,7.5,C,K96A, 10.1021/BI000054L,10.15,0.25,0.217,2.0,298,4.6,C_HL,HYHEL-63,Lysozyme,-6.1
56,1DQJ,SPR,25.0,7.5,C,K97A, 10.1021/BI000054L,10.15,0.25,0.217,2.0,298,4.6,C_HL,HYHEL-63,Lysozyme,-3.5
57,1DQJ,SPR,25.0,7.5,C,L75A, 10.1021/BI000054L,10.15,0.25,0.217,2.0,298,4.6,C_HL,HYHEL-63,Lysozyme,-1.5
58,1DQJ,SPR,25.0,7.5,C,N93A, 10.1021/BI000054L,10.15,0.25,0.217,2.0,298,4.6,C_HL,HYHEL-63,Lysozyme,-0.6
59,1DQJ,SPR,25.0,7.5,C,R21A, 10.1021/BI000054L,10.15,0.25,0.217,2.0,298,4.6,C_HL,HYHEL-63,Lysozyme,-1.3
60,1DQJ,SPR,25.0,7.5,C,S100A, 10.1021/BI000054L,10.15,0.25,0.217,2.0,298,4.6,C_HL,HYHEL-63,Lysozyme,-0.8
61,1DQJ,SPR,25.0,7.5,C,T89A, 10.1021/BI000054L,10.15,0.25,0.217,2.0,298,4.6,C_HL,HYHEL-63,Lysozyme,-0.8
62,1DQJ,SPR,25.0,7.5,C,W62A, 10.1021/BI000054L,10.15,0.25,0.217,2.0,298,4.6,C_HL,HYHEL-63,Lysozyme,-0.8
63,1DQJ,SPR,25.0,7.5,C,W63A, 10.1021/BI000054L,10.15,0.25,0.217,2.0,298,4.6,C_HL,HYHEL-63,Lysozyme,-1.3
64,1DQJ,SPR,25.0,7.5,C,Y20A, 10.1021/BI000054L,10.15,0.25,0.217,2.0,298,4.6,C_HL,HYHEL-63,Lysozyme,-3.3
65,1DQJ,SPR,25.0,7.5,H,D32A, 10.1021/BI000054L,10.15,0.25,0.217,2.0,298,4.6,C_HL,HYHEL-63,Lysozyme,-2.0
66,1DQJ,SPR,25.0,7.5,H,W98A, 10.1021/BI000054L,10.15,0.25,0.217,2.0,298,4.6,C_HL,HYHEL-63,Lysozyme,-4.9
67,1DQJ,SPR,25.0,7.5,H,Y33A, 10.1021/BI000054L,10.15,0.25,0.217,2.0,298,4.6,C_HL,HYHEL-63,Lysozyme,-5.5
68,1DQJ,SPR,25.0,7.5,H,Y50A, 10.1021/BI000054L,10.15,0.25,0.217,2.0,298,4.6,C_HL,HYHEL-63,Lysozyme,-6.9
69,1DQJ,SPR,25.0,7.5,H,Y53A, 10.1021/BI000054L,10.15,0.25,0.217,2.0,298,4.6,C_HL,HYHEL-63,Lysozyme,-1.2
70,1DQJ,SPR,25.0,7.5,L,N31A, 10.1021/BI000054L,10.15,0.25,0.217,2.0,298,4.6,C_HL,HYHEL-63,Lysozyme,-2.0
71,1DQJ,SPR,25.0,7.5,L,N32A, 10.1021/BI000054L,10.15,0.25,0.217,2.0,298,4.6,C_HL,HYHEL-63,Lysozyme,-4.1
72,1DQJ,SPR,25.0,7.5,L,S91A, 10.1021/BI000054L,10.15,0.25,0.217,2.0,298,4.6,C_HL,HYHEL-63,Lysozyme,-1.4
73,1DQJ,SPR,25.0,7.5,L,Y50A, 10.1021/BI000054L,10.15,0.25,0.217,2.0,298,4.6,C_HL,HYHEL-63,Lysozyme,-2.7
74,1DQJ,SPR,25.0,7.5,L,Y96A, 10.1021/BI000054L,10.15,0.25,0.217,2.0,298,4.6,C_HL,HYHEL-63,Lysozyme,-1.1
75,1DVF,SPR,25.0,7.5,A,H30A,æ10.1006/JMBI.1996.0629æææ,12.65,0.249,0.19399999999999998,1.9,na,na,AB_CD,IgG1-kappa D1.3 Fv,E5.2 Fv,-1.67
76,1DVF,SPR,25.0,7.5,A,S93A,æ10.1006/JMBI.1996.0629æææ,12.65,0.249,0.19399999999999998,1.9,na,na,AB_CD,IgG1-kappa D1.3 Fv,E5.2 Fv,-1.17
77,1DVF,SPR,25.0,7.5,A,W92A,æ10.1006/JMBI.1996.0629æææ,12.65,0.249,0.19399999999999998,1.9,na,na,AB_CD,IgG1-kappa D1.3 Fv,E5.2 Fv,-0.34
78,1DVF,SPR,25.0,7.5,A,Y32A,æ10.1006/JMBI.1996.0629æææ,12.65,0.249,0.19399999999999998,1.9,na,na,AB_CD,IgG1-kappa D1.3 Fv,E5.2 Fv,-2.05
79,1DVF,SPR,25.0,7.5,A,Y49A,æ10.1006/JMBI.1996.0629æææ,12.65,0.249,0.19399999999999998,1.9,na,na,AB_CD,IgG1-kappa D1.3 Fv,E5.2 Fv,-1.64
80,1DVF,SPR,25.0,7.5,A,Y49A,æ10.1006/JMBI.1996.0629æææ,12.65,0.249,0.19399999999999998,1.9,na,na,AB_CD,IgG1-kappa D1.3 Fv,E5.2 Fv,-1.75
81,1DVF,SPR,25.0,7.5,A,Y50A,æ10.1006/JMBI.1996.0629æææ,12.65,0.249,0.19399999999999998,1.9,na,na,AB_CD,IgG1-kappa D1.3 Fv,E5.2 Fv,-0.69
82,1DVF,SPR,25.0,7.5,B,D100A,æ10.1006/JMBI.1996.0629æææ,12.65,0.249,0.19399999999999998,1.9,na,na,AB_CD,IgG1-kappa D1.3 Fv,E5.2 Fv,-2.82
83,1DVF,SPR,25.0,7.5,B,D54A,æ10.1006/JMBI.1996.0629æææ,12.65,0.249,0.19399999999999998,1.9,na,na,AB_CD,IgG1-kappa D1.3 Fv,E5.2 Fv,-4.32
84,1DVF,SPR,25.0,7.5,B,D58A,æ10.1006/JMBI.1996.0629æææ,12.65,0.249,0.19399999999999998,1.9,na,na,AB_CD,IgG1-kappa D1.3 Fv,E5.2 Fv,-1.62
85,1DVF,SPR,25.0,7.5,B,E98A,æ10.1006/JMBI.1996.0629æææ,12.65,0.249,0.19399999999999998,1.9,na,na,AB_CD,IgG1-kappa D1.3 Fv,E5.2 Fv,-4.23
86,1DVF,SPR,25.0,7.5,B,N56A,æ10.1006/JMBI.1996.0629æææ,12.65,0.249,0.19399999999999998,1.9,na,na,AB_CD,IgG1-kappa D1.3 Fv,E5.2 Fv,-1.17
87,1DVF,SPR,25.0,7.5,B,R99A,æ10.1006/JMBI.1996.0629æææ,12.65,0.249,0.19399999999999998,1.9,na,na,AB_CD,IgG1-kappa D1.3 Fv,E5.2 Fv,-1.89
88,1DVF,SPR,25.0,7.5,B,T30A,æ10.1006/JMBI.1996.0629æææ,12.65,0.249,0.19399999999999998,1.9,na,na,AB_CD,IgG1-kappa D1.3 Fv,E5.2 Fv,-0.92
89,1DVF,SPR,25.0,7.5,B,W52A,æ10.1006/JMBI.1996.0629æææ,12.65,0.249,0.19399999999999998,1.9,na,na,AB_CD,IgG1-kappa D1.3 Fv,E5.2 Fv,-4.17
90,1DVF,SPR,25.0,7.5,B,Y101F,æ10.1006/JMBI.1996.0629æææ,12.65,0.249,0.19399999999999998,1.9,na,na,AB_CD,IgG1-kappa D1.3 Fv,E5.2 Fv,-2.03
91,1DVF,SPR,25.0,7.5,B,Y32A,æ10.1006/JMBI.1996.0629æææ,12.65,0.249,0.19399999999999998,1.9,na,na,AB_CD,IgG1-kappa D1.3 Fv,E5.2 Fv,-1.85
92,1DVF,SPR,25.0,7.5,C,Y49A,æ10.1006/JMBI.1996.0629æææ,12.65,0.249,0.19399999999999998,1.9,na,na,AB_CD,IgG1-kappa D1.3 Fv,E5.2 Fv,-1.88
93,1DVF,SPR,25.0,7.5,D,D52A,æ10.1006/JMBI.1996.0629æææ,12.65,0.249,0.19399999999999998,1.9,na,na,AB_CD,IgG1-kappa D1.3 Fv,E5.2 Fv,-1.7
94,1DVF,SPR,25.0,7.5,D,H33A,æ10.1006/JMBI.1996.0629æææ,12.65,0.249,0.19399999999999998,1.9,na,na,AB_CD,IgG1-kappa D1.3 Fv,E5.2 Fv,-1.88
95,1DVF,SPR,25.0,7.5,D,I101A,æ10.1006/JMBI.1996.0629æææ,12.65,0.249,0.19399999999999998,1.9,na,na,AB_CD,IgG1-kappa D1.3 Fv,E5.2 Fv,-2.71
96,1DVF,SPR,25.0,7.5,D,K30A,æ10.1006/JMBI.1996.0629æææ,12.65,0.249,0.19399999999999998,1.9,na,na,AB_CD,IgG1-kappa D1.3 Fv,E5.2 Fv,-1.01
97,1DVF,SPR,25.0,7.5,D,N55A,æ10.1006/JMBI.1996.0629æææ,12.65,0.249,0.19399999999999998,1.9,na,na,AB_CD,IgG1-kappa D1.3 Fv,E5.2 Fv,-1.88
98,1DVF,SPR,25.0,7.5,D,Q104A,æ10.1006/JMBI.1996.0629æææ,12.65,0.249,0.19399999999999998,1.9,na,na,AB_CD,IgG1-kappa D1.3 Fv,E5.2 Fv,-1.64
99,1DVF,SPR,25.0,7.5,D,R106A,æ10.1006/JMBI.1996.0629æææ,12.65,0.249,0.19399999999999998,1.9,na,na,AB_CD,IgG1-kappa D1.3 Fv,E5.2 Fv,-4.13
100,1DVF,SPR,25.0,7.5,D,Y102A,æ10.1006/JMBI.1996.0629æææ,12.65,0.249,0.19399999999999998,1.9,na,na,AB_CD,IgG1-kappa D1.3 Fv,E5.2 Fv,-4.79
101,1FFW,ELISA,25.0,7.9,A,A90V, 10.1107/S090744490001492X,8.28,0.273,0.213,2.7,298,5.5,A_B,CHEA,CHEY,-0.09
102,1FFW,ELISA,25.0,7.9,A,D13K, 10.1107/S090744490001492X,8.28,0.273,0.213,2.7,298,5.5,A_B,CHEA,CHEY,-0.05
103,1FFW,ELISA,25.0,7.9,A,E117K, 10.1107/S090744490001492X,8.28,0.273,0.213,2.7,298,5.5,A_B,CHEA,CHEY,-0.71
104,1FFW,ELISA,25.0,7.9,A,E93K, 10.1107/S090744490001492X,8.28,0.273,0.213,2.7,298,5.5,A_B,CHEA,CHEY,-0.82
105,1FFW,ELISA,25.0,7.9,A,F111V, 10.1107/S090744490001492X,8.28,0.273,0.213,2.7,298,5.5,A_B,CHEA,CHEY,-1.26
106,1FFW,ELISA,25.0,7.9,A,T112I, 10.1107/S090744490001492X,8.28,0.273,0.213,2.7,298,5.5,A_B,CHEA,CHEY,-0.56
107,1FFW,ELISA,25.0,7.9,A,T87I, 10.1107/S090744490001492X,8.28,0.273,0.213,2.7,298,5.5,A_B,CHEA,CHEY,0.32
108,1FFW,ELISA,25.0,7.9,A,V108M, 10.1107/S090744490001492X,8.28,0.273,0.213,2.7,298,5.5,A_B,CHEA,CHEY,-1.13
109,1FFW,ELISA,25.0,7.9,A,Y106W, 10.1107/S090744490001492X,8.28,0.273,0.213,2.7,298,5.5,A_B,CHEA,CHEY,-0.71
110,1JRH,SPR,25.0,7.2,I,E45Q, 10.1006/JMBI.1997.1336,14.75,0.314,0.24600000000000002,2.8,120,5.5,HL_I,A6 fab,IFNgammaR1-108,-0.11
111,1JRH,SPR,25.0,7.2,I,T14V, 10.1006/JMBI.1997.1336,14.75,0.314,0.24600000000000002,2.8,120,5.5,HL_I,A6 fab,IFNgammaR1-108,0.02
112,1JTG,SPR,25.0,25,A,K234A, 10.1038/NSB1001-848,3.8,0.205,0.17300000000000001,1.73,298,8.8,A_B,TEM-1 Beta-Lactamase,Beta-Lactamase inhibitor,-0.82
113,1JTG,SPR,25.0,25,A,R243A, 10.1038/NSB1001-848,3.8,0.205,0.17300000000000001,1.73,298,8.8,A_B,TEM-1 Beta-Lactamase,Beta-Lactamase inhibitor,-0.56
114,1JTG,SPR,25.0,25,A,S130A, 10.1038/NSB1001-848,3.8,0.205,0.17300000000000001,1.73,298,8.8,A_B,TEM-1 Beta-Lactamase,Beta-Lactamase inhibitor,-0.5
115,1JTG,SPR,25.0,25,A,S235A, 10.1038/NSB1001-848,3.8,0.205,0.17300000000000001,1.73,298,8.8,A_B,TEM-1 Beta-Lactamase,Beta-Lactamase inhibitor,-1.32
116,1JTG,SPR,25.0,25,B,D49A, 10.1038/NSB1001-848,3.8,0.205,0.17300000000000001,1.73,298,8.8,A_B,TEM-1 Beta-Lactamase,Beta-Lactamase inhibitor,-1.98
117,1KTZ,SPR,25.0,7.4,B,D118A, 10.1038/NSB766,4.46,0.215,0.201,2.15,100,na,A_B,TGF-beta type-II R,TGF-beta3,-0.9
118,1KTZ,SPR,25.0,7.4,B,D32A, 10.1038/NSB766,4.46,0.215,0.201,2.15,100,na,A_B,TGF-beta type-II R,TGF-beta3,-1.4
119,1KTZ,SPR,25.0,7.4,B,D32N, 10.1038/NSB766,4.46,0.215,0.201,2.15,100,na,A_B,TGF-beta type-II R,TGF-beta3,-1.7
120,1KTZ,SPR,25.0,7.4,B,E119A, 10.1038/NSB766,4.46,0.215,0.201,2.15,100,na,A_B,TGF-beta type-II R,TGF-beta3,-1.4
121,1KTZ,SPR,25.0,7.4,B,E119Q, 10.1038/NSB766,4.46,0.215,0.201,2.15,100,na,A_B,TGF-beta type-II R,TGF-beta3,-1.7
122,1KTZ,SPR,25.0,7.4,B,E55A, 10.1038/NSB766,4.46,0.215,0.201,2.15,100,na,A_B,TGF-beta type-II R,TGF-beta3,-1.3
123,1KTZ,SPR,25.0,7.4,B,E75A, 10.1038/NSB766,4.46,0.215,0.201,2.15,100,na,A_B,TGF-beta type-II R,TGF-beta3,-1.0
124,1KTZ,SPR,25.0,7.4,B,F110A, 10.1038/NSB766,4.46,0.215,0.201,2.15,100,na,A_B,TGF-beta type-II R,TGF-beta3,-0.9
125,1KTZ,SPR,25.0,7.4,B,F30A, 10.1038/NSB766,4.46,0.215,0.201,2.15,100,na,A_B,TGF-beta type-II R,TGF-beta3,-2.9
126,1KTZ,SPR,25.0,7.4,B,H79A, 10.1038/NSB766,4.46,0.215,0.201,2.15,100,na,A_B,TGF-beta type-II R,TGF-beta3,-0.4
127,1KTZ,SPR,25.0,7.4,B,I125A, 10.1038/NSB766,4.46,0.215,0.201,2.15,100,na,A_B,TGF-beta type-II R,TGF-beta3,-0.5
128,1KTZ,SPR,25.0,7.4,B,I50A, 10.1038/NSB766,4.46,0.215,0.201,2.15,100,na,A_B,TGF-beta type-II R,TGF-beta3,-1.9
129,1KTZ,SPR,25.0,7.4,B,I53A, 10.1038/NSB766,4.46,0.215,0.201,2.15,100,na,A_B,TGF-beta type-II R,TGF-beta3,-1.2
130,1KTZ,SPR,25.0,7.4,B,L27A, 10.1038/NSB766,4.46,0.215,0.201,2.15,100,na,A_B,TGF-beta type-II R,TGF-beta3,-1.9
131,1KTZ,SPR,25.0,7.4,B,M112A, 10.1038/NSB766,4.46,0.215,0.201,2.15,100,na,A_B,TGF-beta type-II R,TGF-beta3,-0.8
132,1KTZ,SPR,25.0,7.4,B,N47A, 10.1038/NSB766,4.46,0.215,0.201,2.15,100,na,A_B,TGF-beta type-II R,TGF-beta3,-0.3
133,1KTZ,SPR,25.0,7.4,B,S49A, 10.1038/NSB766,4.46,0.215,0.201,2.15,100,na,A_B,TGF-beta type-II R,TGF-beta3,-0.5
134,1KTZ,SPR,25.0,7.4,B,S52A, 10.1038/NSB766,4.46,0.215,0.201,2.15,100,na,A_B,TGF-beta type-II R,TGF-beta3,-0.4
135,1KTZ,SPR,25.0,7.4,B,S52L, 10.1038/NSB766,4.46,0.215,0.201,2.15,100,na,A_B,TGF-beta type-II R,TGF-beta3,-3.7
136,1KTZ,SPR,25.0,7.4,B,T51A, 10.1038/NSB766,4.46,0.215,0.201,2.15,100,na,A_B,TGF-beta type-II R,TGF-beta3,-1.3
137,1KTZ,SPR,25.0,7.4,B,V62A, 10.1038/NSB766,4.46,0.215,0.201,2.15,100,na,A_B,TGF-beta type-II R,TGF-beta3,-0.7
138,1KTZ,SPR,25.0,7.4,B,V77A, 10.1038/NSB766,4.46,0.215,0.201,2.15,100,na,A_B,TGF-beta type-II R,TGF-beta3,-0.5
139,1MHP,ELISA,25.0,,H,F99W, 10.1016/S0022-2836(03)00203-1,25.4,0.272,0.222,2.8,100,7.4,A_HL,Integrin-I,Neutralizing hu-FAB,0.0
140,1MHP,ELISA,25.0,,H,F99Y, 10.1016/S0022-2836(03)00203-1,25.4,0.272,0.222,2.8,100,7.4,A_HL,Integrin-I,Neutralizing hu-FAB,-0.76
141,1MHP,ELISA,25.0,,H,G100F, 10.1016/S0022-2836(03)00203-1,25.4,0.272,0.222,2.8,100,7.4,A_HL,Integrin-I,Neutralizing hu-FAB,-0.57
142,1MHP,ELISA,25.0,,H,G100I, 10.1016/S0022-2836(03)00203-1,25.4,0.272,0.222,2.8,100,7.4,A_HL,Integrin-I,Neutralizing hu-FAB,-8.0
143,1MHP,ELISA,25.0,,H,G100L, 10.1016/S0022-2836(03)00203-1,25.4,0.272,0.222,2.8,100,7.4,A_HL,Integrin-I,Neutralizing hu-FAB,-2.73
144,1MHP,ELISA,25.0,,H,G100M, 10.1016/S0022-2836(03)00203-1,25.4,0.272,0.222,2.8,100,7.4,A_HL,Integrin-I,Neutralizing hu-FAB,-0.1
145,1MHP,ELISA,25.0,,H,G100S, 10.1016/S0022-2836(03)00203-1,25.4,0.272,0.222,2.8,100,7.4,A_HL,Integrin-I,Neutralizing hu-FAB,-0.56
146,1MHP,ELISA,25.0,,H,G100V, 10.1016/S0022-2836(03)00203-1,25.4,0.272,0.222,2.8,100,7.4,A_HL,Integrin-I,Neutralizing hu-FAB,-8.0
147,1MHP,ELISA,25.0,,H,G102S, 10.1016/S0022-2836(03)00203-1,25.4,0.272,0.222,2.8,100,7.4,A_HL,Integrin-I,Neutralizing hu-FAB,-8.0
148,1MHP,ELISA,25.0,,H,G53A, 10.1016/S0022-2836(03)00203-1,25.4,0.272,0.222,2.8,100,7.4,A_HL,Integrin-I,Neutralizing hu-FAB,-0.51
149,1MHP,ELISA,25.0,,H,G53N, 10.1016/S0022-2836(03)00203-1,25.4,0.272,0.222,2.8,100,7.4,A_HL,Integrin-I,Neutralizing hu-FAB,-1.26
150,1MHP,ELISA,25.0,,H,G53Q, 10.1016/S0022-2836(03)00203-1,25.4,0.272,0.222,2.8,100,7.4,A_HL,Integrin-I,Neutralizing hu-FAB,-8.0
151,1MHP,ELISA,25.0,,H,G53S, 10.1016/S0022-2836(03)00203-1,25.4,0.272,0.222,2.8,100,7.4,A_HL,Integrin-I,Neutralizing hu-FAB,-0.68
152,1MHP,ELISA,25.0,,H,G53W, 10.1016/S0022-2836(03)00203-1,25.4,0.272,0.222,2.8,100,7.4,A_HL,Integrin-I,Neutralizing hu-FAB,-8.0
153,1MHP,ELISA,25.0,,H,G54I, 10.1016/S0022-2836(03)00203-1,25.4,0.272,0.222,2.8,100,7.4,A_HL,Integrin-I,Neutralizing hu-FAB,-1.36
154,1MHP,ELISA,25.0,,H,G54M, 10.1016/S0022-2836(03)00203-1,25.4,0.272,0.222,2.8,100,7.4,A_HL,Integrin-I,Neutralizing hu-FAB,-8.0
155,1MHP,ELISA,25.0,,H,G54N, 10.1016/S0022-2836(03)00203-1,25.4,0.272,0.222,2.8,100,7.4,A_HL,Integrin-I,Neutralizing hu-FAB,-8.0
156,1MHP,ELISA,25.0,,H,G54T, 10.1016/S0022-2836(03)00203-1,25.4,0.272,0.222,2.8,100,7.4,A_HL,Integrin-I,Neutralizing hu-FAB,-1.17
157,1MHP,ELISA,25.0,,H,G54Y, 10.1016/S0022-2836(03)00203-1,25.4,0.272,0.222,2.8,100,7.4,A_HL,Integrin-I,Neutralizing hu-FAB,0.0
158,1MHP,ELISA,25.0,,H,H56Y, 10.1016/S0022-2836(03)00203-1,25.4,0.272,0.222,2.8,100,7.4,A_HL,Integrin-I,Neutralizing hu-FAB,-8.0
159,1MHP,ELISA,25.0,,H,K64D, 10.1016/S0022-2836(03)00203-1,25.4,0.272,0.222,2.8,100,7.4,A_HL,Integrin-I,Neutralizing hu-FAB,0.12
160,1MHP,ELISA,25.0,,H,K64E, 10.1016/S0022-2836(03)00203-1,25.4,0.272,0.222,2.8,100,7.4,A_HL,Integrin-I,Neutralizing hu-FAB,0.16
161,1MHP,ELISA,25.0,,H,K64N, 10.1016/S0022-2836(03)00203-1,25.4,0.272,0.222,2.8,100,7.4,A_HL,Integrin-I,Neutralizing hu-FAB,0.07
162,1MHP,ELISA,25.0,,H,K64Q, 10.1016/S0022-2836(03)00203-1,25.4,0.272,0.222,2.8,100,7.4,A_HL,Integrin-I,Neutralizing hu-FAB,0.16
163,1MHP,ELISA,25.0,,H,L60D, 10.1016/S0022-2836(03)00203-1,25.4,0.272,0.222,2.8,100,7.4,A_HL,Integrin-I,Neutralizing hu-FAB,0.12
164,1MHP,ELISA,25.0,,H,R31Q, 10.1016/S0022-2836(03)00203-1,25.4,0.272,0.222,2.8,100,7.4,A_HL,Integrin-I,Neutralizing hu-FAB,-1.31
165,1MHP,ELISA,25.0,,H,S35A, 10.1016/S0022-2836(03)00203-1,25.4,0.272,0.222,2.8,100,7.4,A_HL,Integrin-I,Neutralizing hu-FAB,-1.58
166,1MHP,ELISA,25.0,,H,S35Q, 10.1016/S0022-2836(03)00203-1,25.4,0.272,0.222,2.8,100,7.4,A_HL,Integrin-I,Neutralizing hu-FAB,-2.73
167,1MHP,ELISA,25.0,,H,S35V, 10.1016/S0022-2836(03)00203-1,25.4,0.272,0.222,2.8,100,7.4,A_HL,Integrin-I,Neutralizing hu-FAB,-8.0
168,1MHP,ELISA,25.0,,H,S52M, 10.1016/S0022-2836(03)00203-1,25.4,0.272,0.222,2.8,100,7.4,A_HL,Integrin-I,Neutralizing hu-FAB,-2.08
169,1MHP,ELISA,25.0,,H,S52T, 10.1016/S0022-2836(03)00203-1,25.4,0.272,0.222,2.8,100,7.4,A_HL,Integrin-I,Neutralizing hu-FAB,-8.0
170,1MHP,ELISA,25.0,,H,T33N, 10.1016/S0022-2836(03)00203-1,25.4,0.272,0.222,2.8,100,7.4,A_HL,Integrin-I,Neutralizing hu-FAB,-2.73
171,1MHP,ELISA,25.0,,H,T33Q, 10.1016/S0022-2836(03)00203-1,25.4,0.272,0.222,2.8,100,7.4,A_HL,Integrin-I,Neutralizing hu-FAB,-8.0
172,1MHP,ELISA,25.0,,H,T33V, 10.1016/S0022-2836(03)00203-1,25.4,0.272,0.222,2.8,100,7.4,A_HL,Integrin-I,Neutralizing hu-FAB,-0.43
173,1MHP,ELISA,25.0,,H,T50E, 10.1016/S0022-2836(03)00203-1,25.4,0.272,0.222,2.8,100,7.4,A_HL,Integrin-I,Neutralizing hu-FAB,-8.0
174,1MHP,ELISA,25.0,,H,T50Q, 10.1016/S0022-2836(03)00203-1,25.4,0.272,0.222,2.8,100,7.4,A_HL,Integrin-I,Neutralizing hu-FAB,-8.0
175,1MHP,ELISA,25.0,,H,T50V, 10.1016/S0022-2836(03)00203-1,25.4,0.272,0.222,2.8,100,7.4,A_HL,Integrin-I,Neutralizing hu-FAB,0.26
176,1MHP,ELISA,25.0,,H,Y58E, 10.1016/S0022-2836(03)00203-1,25.4,0.272,0.222,2.8,100,7.4,A_HL,Integrin-I,Neutralizing hu-FAB,-2.08
177,1MHP,ELISA,25.0,,H,Y58Q, 10.1016/S0022-2836(03)00203-1,25.4,0.272,0.222,2.8,100,7.4,A_HL,Integrin-I,Neutralizing hu-FAB,-2.08
178,1MHP,ELISA,25.0,,H,Y58W, 10.1016/S0022-2836(03)00203-1,25.4,0.272,0.222,2.8,100,7.4,A_HL,Integrin-I,Neutralizing hu-FAB,-0.82
179,1MHP,ELISA,25.0,,H,Y59E, 10.1016/S0022-2836(03)00203-1,25.4,0.272,0.222,2.8,100,7.4,A_HL,Integrin-I,Neutralizing hu-FAB,-0.54
180,1MHP,ELISA,25.0,,L,G92Q, 10.1016/S0022-2836(03)00203-1,25.4,0.272,0.222,2.8,100,7.4,A_HL,Integrin-I,Neutralizing hu-FAB,-1.58
181,1MHP,ELISA,25.0,,L,G92S, 10.1016/S0022-2836(03)00203-1,25.4,0.272,0.222,2.8,100,7.4,A_HL,Integrin-I,Neutralizing hu-FAB,-0.51
182,1MHP,ELISA,25.0,,L,H31K, 10.1016/S0022-2836(03)00203-1,25.4,0.272,0.222,2.8,100,7.4,A_HL,Integrin-I,Neutralizing hu-FAB,-1.17
183,1MHP,ELISA,25.0,,L,H31R, 10.1016/S0022-2836(03)00203-1,25.4,0.272,0.222,2.8,100,7.4,A_HL,Integrin-I,Neutralizing hu-FAB,-1.12
184,1MHP,ELISA,25.0,,L,H31W, 10.1016/S0022-2836(03)00203-1,25.4,0.272,0.222,2.8,100,7.4,A_HL,Integrin-I,Neutralizing hu-FAB,-1.26
185,1MHP,ELISA,25.0,,L,L49F, 10.1016/S0022-2836(03)00203-1,25.4,0.272,0.222,2.8,100,7.4,A_HL,Integrin-I,Neutralizing hu-FAB,-0.71
186,1MHP,ELISA,25.0,,L,L49K, 10.1016/S0022-2836(03)00203-1,25.4,0.272,0.222,2.8,100,7.4,A_HL,Integrin-I,Neutralizing hu-FAB,-0.93
187,1MHP,ELISA,25.0,,L,L49W, 10.1016/S0022-2836(03)00203-1,25.4,0.272,0.222,2.8,100,7.4,A_HL,Integrin-I,Neutralizing hu-FAB,-1.91
188,1MHP,ELISA,25.0,,L,L49Y, 10.1016/S0022-2836(03)00203-1,25.4,0.272,0.222,2.8,100,7.4,A_HL,Integrin-I,Neutralizing hu-FAB,-8.0
189,1MHP,ELISA,25.0,,L,N30K, 10.1016/S0022-2836(03)00203-1,25.4,0.272,0.222,2.8,100,7.4,A_HL,Integrin-I,Neutralizing hu-FAB,-8.0
190,1MHP,ELISA,25.0,,L,N30V, 10.1016/S0022-2836(03)00203-1,25.4,0.272,0.222,2.8,100,7.4,A_HL,Integrin-I,Neutralizing hu-FAB,-1.05
191,1MHP,ELISA,25.0,,L,N30W, 10.1016/S0022-2836(03)00203-1,25.4,0.272,0.222,2.8,100,7.4,A_HL,Integrin-I,Neutralizing hu-FAB,-1.58
192,1MHP,ELISA,25.0,,L,N30Y, 10.1016/S0022-2836(03)00203-1,25.4,0.272,0.222,2.8,100,7.4,A_HL,Integrin-I,Neutralizing hu-FAB,-1.91
193,1MHP,ELISA,25.0,,L,N52D, 10.1016/S0022-2836(03)00203-1,25.4,0.272,0.222,2.8,100,7.4,A_HL,Integrin-I,Neutralizing hu-FAB,-0.5
194,1MHP,ELISA,25.0,,L,N52E, 10.1016/S0022-2836(03)00203-1,25.4,0.272,0.222,2.8,100,7.4,A_HL,Integrin-I,Neutralizing hu-FAB,0.18
195,1MHP,ELISA,25.0,,L,N52K, 10.1016/S0022-2836(03)00203-1,25.4,0.272,0.222,2.8,100,7.4,A_HL,Integrin-I,Neutralizing hu-FAB,-0.66
196,1MHP,ELISA,25.0,,L,N52R, 10.1016/S0022-2836(03)00203-1,25.4,0.272,0.222,2.8,100,7.4,A_HL,Integrin-I,Neutralizing hu-FAB,-0.85
197,1MHP,ELISA,25.0,,L,N52Y, 10.1016/S0022-2836(03)00203-1,25.4,0.272,0.222,2.8,100,7.4,A_HL,Integrin-I,Neutralizing hu-FAB,0.1
198,1MHP,ELISA,25.0,,L,N93D, 10.1016/S0022-2836(03)00203-1,25.4,0.272,0.222,2.8,100,7.4,A_HL,Integrin-I,Neutralizing hu-FAB,-8.0
199,1MHP,ELISA,25.0,,L,S24R, 10.1016/S0022-2836(03)00203-1,25.4,0.272,0.222,2.8,100,7.4,A_HL,Integrin-I,Neutralizing hu-FAB,0.07
200,1MHP,ELISA,25.0,,L,S28Q, 10.1016/S0022-2836(03)00203-1,25.4,0.272,0.222,2.8,100,7.4,A_HL,Integrin-I,Neutralizing hu-FAB,0.67
201,1MHP,ELISA,25.0,,L,S91K, 10.1016/S0022-2836(03)00203-1,25.4,0.272,0.222,2.8,100,7.4,A_HL,Integrin-I,Neutralizing hu-FAB,-8.0
202,1MHP,ELISA,25.0,,L,S91Q, 10.1016/S0022-2836(03)00203-1,25.4,0.272,0.222,2.8,100,7.4,A_HL,Integrin-I,Neutralizing hu-FAB,-1.78
203,1MHP,ELISA,25.0,,L,S91R, 10.1016/S0022-2836(03)00203-1,25.4,0.272,0.222,2.8,100,7.4,A_HL,Integrin-I,Neutralizing hu-FAB,-2.73
204,1MHP,ELISA,25.0,,L,S91T, 10.1016/S0022-2836(03)00203-1,25.4,0.272,0.222,2.8,100,7.4,A_HL,Integrin-I,Neutralizing hu-FAB,-2.32
205,1MHP,ELISA,25.0,,L,S91W, 10.1016/S0022-2836(03)00203-1,25.4,0.272,0.222,2.8,100,7.4,A_HL,Integrin-I,Neutralizing hu-FAB,-8.0
206,1MHP,ELISA,25.0,,L,W90Q, 10.1016/S0022-2836(03)00203-1,25.4,0.272,0.222,2.8,100,7.4,A_HL,Integrin-I,Neutralizing hu-FAB,-2.08
207,1MLC,Yeast Disp. Flow Cyt,25.0,7.3_7.5,H,K65D, 10.1016/0022-2836(94)90046-9,31.62,0.282,0.184,2.5,na,na,E_HL,D44.1 Fab,Lysozyme,-0.02
208,1MLC,Yeast Disp. Flow Cyt,25.0,7.3_7.5,H,S57A, 10.1016/0022-2836(94)90046-9,31.62,0.282,0.184,2.5,na,na,E_HL,D44.1 Fab,Lysozyme,0.38
209,1MLC,Yeast Disp. Flow Cyt,25.0,7.3_7.5,H,S57V, 10.1016/0022-2836(94)90046-9,31.62,0.282,0.184,2.5,na,na,E_HL,D44.1 Fab,Lysozyme,0.49
210,1MLC,Yeast Disp. Flow Cyt,25.0,7.3_7.5,H,T28D, 10.1016/0022-2836(94)90046-9,31.62,0.282,0.184,2.5,na,na,E_HL,D44.1 Fab,Lysozyme,0.15
211,1MLC,Yeast Disp. Flow Cyt,25.0,7.3_7.5,H,T31A, 10.1016/0022-2836(94)90046-9,31.62,0.282,0.184,2.5,na,na,E_HL,D44.1 Fab,Lysozyme,-0.45
212,1MLC,Yeast Disp. Flow Cyt,25.0,7.3_7.5,H,T31V, 10.1016/0022-2836(94)90046-9,31.62,0.282,0.184,2.5,na,na,E_HL,D44.1 Fab,Lysozyme,-0.53
213,1MLC,Yeast Disp. Flow Cyt,25.0,7.3_7.5,H,T31W, 10.1016/0022-2836(94)90046-9,31.62,0.282,0.184,2.5,na,na,E_HL,D44.1 Fab,Lysozyme,-0.13
214,1MLC,Yeast Disp. Flow Cyt,25.0,7.3_7.5,H,T58D, 10.1016/0022-2836(94)90046-9,31.62,0.282,0.184,2.5,na,na,E_HL,D44.1 Fab,Lysozyme,0.56
215,1MLC,Yeast Disp. Flow Cyt,25.0,7.3_7.5,L,N32G, 10.1016/0022-2836(94)90046-9,31.62,0.282,0.184,2.5,na,na,E_HL,D44.1 Fab,Lysozyme,0.85
216,1MLC,Yeast Disp. Flow Cyt,25.0,7.3_7.5,L,N32Y, 10.1016/0022-2836(94)90046-9,31.62,0.282,0.184,2.5,na,na,E_HL,D44.1 Fab,Lysozyme,0.0
217,1MLC,Yeast Disp. Flow Cyt,25.0,7.3_7.5,L,N92A, 10.1016/0022-2836(94)90046-9,31.62,0.282,0.184,2.5,na,na,E_HL,D44.1 Fab,Lysozyme,1.25
218,1N8Z,SPR,25.0,7.5,H,D31A, 10.1038/NATURE01392,14.17,0.284,0.222,2.52,110,6.5,C_HL,hu-HER2,Herceptin (fab),-0.25
219,1N8Z,SPR,25.0,7.5,H,D98A, 10.1038/NATURE01392,14.17,0.284,0.222,2.52,110,6.5,C_HL,hu-HER2,Herceptin (fab),-1.21
220,1N8Z,SPR,25.0,7.5,H,D98W, 10.1038/NATURE01392,14.17,0.284,0.222,2.52,110,6.5,C_HL,hu-HER2,Herceptin (fab),0.69
221,1N8Z,SPR,25.0,7.5,H,F100A, 10.1038/NATURE01392,14.17,0.284,0.222,2.52,110,6.5,C_HL,hu-HER2,Herceptin (fab),-1.17
222,1N8Z,SPR,25.0,7.5,H,K30A, 10.1038/NATURE01392,14.17,0.284,0.222,2.52,110,6.5,C_HL,hu-HER2,Herceptin (fab),-0.61
223,1N8Z,SPR,25.0,7.5,H,N54A, 10.1038/NATURE01392,14.17,0.284,0.222,2.52,110,6.5,C_HL,hu-HER2,Herceptin (fab),0.15
224,1N8Z,SPR,25.0,7.5,H,R50A, 10.1038/NATURE01392,14.17,0.284,0.222,2.52,110,6.5,C_HL,hu-HER2,Herceptin (fab),-8.0
225,1N8Z,SPR,25.0,7.5,H,T32A, 10.1038/NATURE01392,14.17,0.284,0.222,2.52,110,6.5,C_HL,hu-HER2,Herceptin (fab),-0.38
226,1N8Z,SPR,25.0,7.5,H,T53A, 10.1038/NATURE01392,14.17,0.284,0.222,2.52,110,6.5,C_HL,hu-HER2,Herceptin (fab),-0.78
227,1N8Z,SPR,25.0,7.5,H,W95A, 10.1038/NATURE01392,14.17,0.284,0.222,2.52,110,6.5,C_HL,hu-HER2,Herceptin (fab),-8.0
228,1N8Z,SPR,25.0,7.5,H,Y100aA, 10.1038/NATURE01392,14.17,0.284,0.222,2.52,110,6.5,C_HL,hu-HER2,Herceptin (fab),-8.0
229,1N8Z,SPR,25.0,7.5,H,Y100aF, 10.1038/NATURE01392,14.17,0.284,0.222,2.52,110,6.5,C_HL,hu-HER2,Herceptin (fab),0.05
230,1N8Z,SPR,25.0,7.5,H,Y100aF, 10.1038/NATURE01392,14.17,0.284,0.222,2.52,110,6.5,C_HL,hu-HER2,Herceptin (fab),-0.82
231,1N8Z,SPR,25.0,7.5,H,Y102V, 10.1038/NATURE01392,14.17,0.284,0.222,2.52,110,6.5,C_HL,hu-HER2,Herceptin (fab),-0.22
232,1N8Z,SPR,25.0,7.5,H,Y33A, 10.1038/NATURE01392,14.17,0.284,0.222,2.52,110,6.5,C_HL,hu-HER2,Herceptin (fab),0.09
233,1N8Z,SPR,25.0,7.5,H,Y52A, 10.1038/NATURE01392,14.17,0.284,0.222,2.52,110,6.5,C_HL,hu-HER2,Herceptin (fab),-0.23
234,1N8Z,SPR,25.0,7.5,H,Y56A, 10.1038/NATURE01392,14.17,0.284,0.222,2.52,110,6.5,C_HL,hu-HER2,Herceptin (fab),-0.87
235,1N8Z,SPR,25.0,7.5,L,D28N, 10.1038/NATURE01392,14.17,0.284,0.222,2.52,110,6.5,C_HL,hu-HER2,Herceptin (fab),0.28
236,1N8Z,SPR,25.0,7.5,L,F53N, 10.1038/NATURE01392,14.17,0.284,0.222,2.52,110,6.5,C_HL,hu-HER2,Herceptin (fab),-1.21
237,1N8Z,SPR,25.0,7.5,L,H91A, 10.1038/NATURE01392,14.17,0.284,0.222,2.52,110,6.5,C_HL,hu-HER2,Herceptin (fab),-8.0
238,1N8Z,SPR,25.0,7.5,L,H91F, 10.1038/NATURE01392,14.17,0.284,0.222,2.52,110,6.5,C_HL,hu-HER2,Herceptin (fab),0.43
239,1N8Z,SPR,25.0,7.5,L,H91F, 10.1038/NATURE01392,14.17,0.284,0.222,2.52,110,6.5,C_HL,hu-HER2,Herceptin (fab),-0.03
240,1N8Z,SPR,25.0,7.5,L,N30A, 10.1038/NATURE01392,14.17,0.284,0.222,2.52,110,6.5,C_HL,hu-HER2,Herceptin (fab),-1.12
241,1N8Z,SPR,25.0,7.5,L,N30S, 10.1038/NATURE01392,14.17,0.284,0.222,2.52,110,6.5,C_HL,hu-HER2,Herceptin (fab),-0.06
242,1N8Z,SPR,25.0,7.5,L,R66G, 10.1038/NATURE01392,14.17,0.284,0.222,2.52,110,6.5,C_HL,hu-HER2,Herceptin (fab),-0.22
243,1N8Z,SPR,25.0,7.5,L,S50A, 10.1038/NATURE01392,14.17,0.284,0.222,2.52,110,6.5,C_HL,hu-HER2,Herceptin (fab),0.07
244,1N8Z,SPR,25.0,7.5,L,S52A, 10.1038/NATURE01392,14.17,0.284,0.222,2.52,110,6.5,C_HL,hu-HER2,Herceptin (fab),0.31
245,1N8Z,SPR,25.0,7.5,L,T31A, 10.1038/NATURE01392,14.17,0.284,0.222,2.52,110,6.5,C_HL,hu-HER2,Herceptin (fab),-0.8
246,1N8Z,SPR,25.0,7.5,L,T93A, 10.1038/NATURE01392,14.17,0.284,0.222,2.52,110,6.5,C_HL,hu-HER2,Herceptin (fab),-0.82
247,1N8Z,SPR,25.0,7.5,L,T94A, 10.1038/NATURE01392,14.17,0.284,0.222,2.52,110,6.5,C_HL,hu-HER2,Herceptin (fab),0.12
248,1N8Z,SPR,25.0,7.5,L,T94S, 10.1038/NATURE01392,14.17,0.284,0.222,2.52,110,6.5,C_HL,hu-HER2,Herceptin (fab),-0.31
249,1N8Z,SPR,25.0,7.5,L,Y49A, 10.1038/NATURE01392,14.17,0.284,0.222,2.52,110,6.5,C_HL,hu-HER2,Herceptin (fab),-1.05
250,1N8Z,SPR,25.0,7.5,L,Y92A, 10.1038/NATURE01392,14.17,0.284,0.222,2.52,110,6.5,C_HL,hu-HER2,Herceptin (fab),-1.36
251,1N8Z,SPR,25.0,7.5,L,Y92F, 10.1038/NATURE01392,14.17,0.284,0.222,2.52,110,6.5,C_HL,hu-HER2,Herceptin (fab),0.21
252,1VFB,SPR,25.0,7.5,C,D119A, 10.1073/PNAS.91.3.1089,2.61,na,0.185,1.8,na,na,C_HL,IGG1-Kappa D1.3 FV,Lysozyme,-1.0
253,1VFB,SPR,25.0,7.5,C,D18A, 10.1073/PNAS.91.3.1089,2.61,na,0.185,1.8,na,na,C_HL,IGG1-Kappa D1.3 FV,Lysozyme,-0.3
254,1VFB,SPR,25.0,7.5,C,I124A, 10.1073/PNAS.91.3.1089,2.61,na,0.185,1.8,na,na,C_HL,IGG1-Kappa D1.3 FV,Lysozyme,-1.2
255,1VFB,SPR,25.0,7.5,C,K116A, 10.1073/PNAS.91.3.1089,2.61,na,0.185,1.8,na,na,C_HL,IGG1-Kappa D1.3 FV,Lysozyme,-0.7
256,1VFB,SPR,25.0,7.5,C,L129A, 10.1073/PNAS.91.3.1089,2.61,na,0.185,1.8,na,na,C_HL,IGG1-Kappa D1.3 FV,Lysozyme,-0.2
257,1VFB,SPR,25.0,7.5,C,N19A, 10.1073/PNAS.91.3.1089,2.61,na,0.185,1.8,na,na,C_HL,IGG1-Kappa D1.3 FV,Lysozyme,-0.3
258,1VFB,SPR,25.0,7.5,C,Q121A, 10.1073/PNAS.91.3.1089,2.61,na,0.185,1.8,na,na,C_HL,IGG1-Kappa D1.3 FV,Lysozyme,-2.9
259,1VFB,SPR,25.0,7.5,C,R125A, 10.1073/PNAS.91.3.1089,2.61,na,0.185,1.8,na,na,C_HL,IGG1-Kappa D1.3 FV,Lysozyme,-1.8
260,1VFB,SPR,25.0,7.5,C,S24A, 10.1073/PNAS.91.3.1089,2.61,na,0.185,1.8,na,na,C_HL,IGG1-Kappa D1.3 FV,Lysozyme,-0.8
261,1VFB,SPR,25.0,7.5,C,T118A, 10.1073/PNAS.91.3.1089,2.61,na,0.185,1.8,na,na,C_HL,IGG1-Kappa D1.3 FV,Lysozyme,-0.8
262,1VFB,SPR,25.0,7.5,C,V120A, 10.1073/PNAS.91.3.1089,2.61,na,0.185,1.8,na,na,C_HL,IGG1-Kappa D1.3 FV,Lysozyme,-0.9
263,1VFB,SPR,25.0,7.5,C,Y23A, 10.1073/PNAS.91.3.1089,2.61,na,0.185,1.8,na,na,C_HL,IGG1-Kappa D1.3 FV,Lysozyme,-0.4
264,1VFB,SPR,25.0,7.5,H,D100A, 10.1073/PNAS.91.3.1089,2.61,na,0.185,1.8,na,na,C_HL,IGG1-Kappa D1.3 FV,Lysozyme,-2.9
265,1VFB,SPR,25.0,7.5,H,D54A, 10.1073/PNAS.91.3.1089,2.61,na,0.185,1.8,na,na,C_HL,IGG1-Kappa D1.3 FV,Lysozyme,-1.0
266,1VFB,Yeast Disp. Flow Cyt,25.0,7.3_7.5,H,D58E, 10.1073/PNAS.91.3.1089,2.61,na,0.185,1.8,na,na,C_HL,IGG1-Kappa D1.3 FV,Lysozyme,-0.08
267,1VFB,Yeast Disp. Flow Cyt,25.0,7.3_7.5,H,D58N, 10.1073/PNAS.91.3.1089,2.61,na,0.185,1.8,na,na,C_HL,IGG1-Kappa D1.3 FV,Lysozyme,0.13
268,1VFB,Yeast Disp. Flow Cyt,25.0,7.3_7.5,H,G31A, 10.1073/PNAS.91.3.1089,2.61,na,0.185,1.8,na,na,C_HL,IGG1-Kappa D1.3 FV,Lysozyme,-0.3
269,1VFB,Yeast Disp. Flow Cyt,25.0,7.3_7.5,H,G31E, 10.1073/PNAS.91.3.1089,2.61,na,0.185,1.8,na,na,C_HL,IGG1-Kappa D1.3 FV,Lysozyme,0.51
270,1VFB,Yeast Disp. Flow Cyt,25.0,7.3_7.5,H,G31W, 10.1073/PNAS.91.3.1089,2.61,na,0.185,1.8,na,na,C_HL,IGG1-Kappa D1.3 FV,Lysozyme,-0.01
271,1VFB,Yeast Disp. Flow Cyt,25.0,7.3_7.5,H,R99W, 10.1073/PNAS.91.3.1089,2.61,na,0.185,1.8,na,na,C_HL,IGG1-Kappa D1.3 FV,Lysozyme,-0.71
272,1VFB,Yeast Disp. Flow Cyt,25.0,7.3_7.5,H,R99Y, 10.1073/PNAS.91.3.1089,2.61,na,0.185,1.8,na,na,C_HL,IGG1-Kappa D1.3 FV,Lysozyme,-1.26
273,1VFB,Yeast Disp. Flow Cyt,25.0,7.3_7.5,H,S28D, 10.1073/PNAS.91.3.1089,2.61,na,0.185,1.8,na,na,C_HL,IGG1-Kappa D1.3 FV,Lysozyme,0.0
274,1VFB,Yeast Disp. Flow Cyt,25.0,7.3_7.5,H,S28E, 10.1073/PNAS.91.3.1089,2.61,na,0.185,1.8,na,na,C_HL,IGG1-Kappa D1.3 FV,Lysozyme,0.1
275,1VFB,Yeast Disp. Flow Cyt,25.0,7.3_7.6,H,S28N, 10.1073/PNAS.91.3.1090,2.61,na,0.185,1.8,na,na,C_HL,IGG1-Kappa D1.3 FV,Lysozyme,-0.15
276,1VFB,Yeast Disp. Flow Cyt,25.0,7.3_7.5,H,S28Q, 10.1073/PNAS.91.3.1089,2.61,na,0.185,1.8,na,na,C_HL,IGG1-Kappa D1.3 FV,Lysozyme,-0.08
277,1VFB,SPR,25.0,7.5,H,W52A, 10.1073/PNAS.91.3.1089,2.61,na,0.185,1.8,na,na,C_HL,IGG1-Kappa D1.3 FV,Lysozyme,-0.9
278,1VFB,SPR,25.0,7.5,H,Y101A, 10.1073/PNAS.91.3.1089,2.61,na,0.185,1.8,na,na,C_HL,IGG1-Kappa D1.3 FV,Lysozyme,-4.0
279,1VFB,SPR,25.0,7.5,H,Y101F, 10.1073/PNAS.91.3.1089,2.61,na,0.185,1.8,na,na,C_HL,IGG1-Kappa D1.3 FV,Lysozyme,-1.6
280,1VFB,SPR,25.0,7.5,H,Y32A, 10.1073/PNAS.91.3.1089,2.61,na,0.185,1.8,na,na,C_HL,IGG1-Kappa D1.3 FV,Lysozyme,-1.1
281,1VFB,SPR,25.0,7.5,H,Y32E, 10.1073/PNAS.91.3.1089,2.61,na,0.185,1.8,na,na,C_HL,IGG1-Kappa D1.3 FV,Lysozyme,-1.91
282,1VFB,Yeast Disp. Flow Cyt,25.0,7.3_7.5,L,L46D, 10.1073/PNAS.91.3.1089,2.61,na,0.185,1.8,na,na,C_HL,IGG1-Kappa D1.3 FV,Lysozyme,-8.0
283,1VFB,Yeast Disp. Flow Cyt,25.0,7.3_7.5,L,L46E, 10.1073/PNAS.91.3.1089,2.61,na,0.185,1.8,na,na,C_HL,IGG1-Kappa D1.3 FV,Lysozyme,-8.0
284,1VFB,Yeast Disp. Flow Cyt,25.0,7.3_7.5,L,N31W, 10.1073/PNAS.91.3.1089,2.61,na,0.185,1.8,na,na,C_HL,IGG1-Kappa D1.3 FV,Lysozyme,-0.17
285,1VFB,Yeast Disp. Flow Cyt,25.0,7.3_7.5,L,T52F, 10.1073/PNAS.91.3.1089,2.61,na,0.185,1.8,na,na,C_HL,IGG1-Kappa D1.3 FV,Lysozyme,-0.47
286,1VFB,Yeast Disp. Flow Cyt,25.0,7.3_7.5,L,T53R, 10.1073/PNAS.91.3.1089,2.61,na,0.185,1.8,na,na,C_HL,IGG1-Kappa D1.3 FV,Lysozyme,-1.67
287,1VFB,SPR,25.0,7.5,L,W92A, 10.1073/PNAS.91.3.1089,2.61,na,0.185,1.8,na,na,C_HL,IGG1-Kappa D1.3 FV,Lysozyme,-3.3
288,1VFB,SPR,25.0,7.5,L,Y32A, 10.1073/PNAS.91.3.1089,2.61,na,0.185,1.8,na,na,C_HL,IGG1-Kappa D1.3 FV,Lysozyme,-1.7
289,1VFB,Yeast Disp. Flow Cyt,25.0,7.3_7.5,L,Y32W, 10.1073/PNAS.91.3.1089,2.61,na,0.185,1.8,na,na,C_HL,IGG1-Kappa D1.3 FV,Lysozyme,-8.0
290,1VFB,SPR,25.0,7.5,L,Y50A, 10.1073/PNAS.91.3.1089,2.61,na,0.185,1.8,na,na,C_HL,IGG1-Kappa D1.3 FV,Lysozyme,-0.5
291,1VFB,Yeast Disp. Flow Cyt,25.0,7.3_7.5,L,Y50K, 10.1073/PNAS.91.3.1089,2.61,na,0.185,1.8,na,na,C_HL,IGG1-Kappa D1.3 FV,Lysozyme,-1.67
292,1VFB,Yeast Disp. Flow Cyt,25.0,7.3_7.5,L,Y50R, 10.1073/PNAS.91.3.1089,2.61,na,0.185,1.8,na,na,C_HL,IGG1-Kappa D1.3 FV,Lysozyme,-0.85
293,1YY9,Yeast Disp. Flow Cyt,25.0,7.3_7.5,H,N56A, 10.1016/J.CCR.2005.03.003,12.53,0.289,0.239,2.6,100,7.5,A_HL,EGFR, Cetuximab,0.06
294,1YY9,Yeast Disp. Flow Cyt,25.0,7.3_7.5,H,T61E, 10.1016/J.CCR.2005.03.003,12.53,0.289,0.239,2.6,100,7.5,A_HL,EGFR, Cetuximab,0.06
295,1YY9,Yeast Disp. Flow Cyt,25.0,7.3_7.5,L,N93A, 10.1016/J.CCR.2005.03.003,12.53,0.289,0.239,2.6,100,7.5,A_HL,EGFR, Cetuximab,0.74
296,1YY9,Yeast Disp. Flow Cyt,25.0,7.3_7.5,L,S26D, 10.1016/J.CCR.2005.03.003,12.53,0.289,0.239,2.6,100,7.5,A_HL,EGFR, Cetuximab,0.2
297,1YY9,Yeast Disp. Flow Cyt,25.0,7.3_7.5,L,T31E, 10.1016/J.CCR.2005.03.003,12.53,0.289,0.239,2.6,100,7.5,A_HL,EGFR, Cetuximab,0.52
298,2JEL,Other,25.0,,P,A82S, 10.1006/JMBI.1998.1888æææ,7.43,0.28,0.21,1.5,298,5.8,HL_P,Jel42 antibody,HPr,0.0
299,2JEL,Other,25.0,,P,D69E, 10.1006/JMBI.1998.1888æææ,7.43,0.28,0.21,1.5,298,5.8,HL_P,Jel42 antibody,HPr,-0.96
300,2JEL,Other,25.0,,P,E5D, 10.1006/JMBI.1998.1888æææ,7.43,0.28,0.21,1.5,298,5.8,HL_P,Jel42 antibody,HPr,-0.41
301,2JEL,Other,25.0,,P,E5Q, 10.1006/JMBI.1998.1888æææ,7.43,0.28,0.21,1.5,298,5.8,HL_P,Jel42 antibody,HPr,-0.72
302,2JEL,Other,25.0,,P,E66K, 10.1006/JMBI.1998.1888æææ,7.43,0.28,0.21,1.5,298,5.8,HL_P,Jel42 antibody,HPr,-4.13
303,2JEL,Other,25.0,,P,E68A, 10.1006/JMBI.1998.1888æææ,7.43,0.28,0.21,1.5,298,5.8,HL_P,Jel42 antibody,HPr,-0.41
304,2JEL,Other,25.0,,P,E70A, 10.1006/JMBI.1998.1888æææ,7.43,0.28,0.21,1.5,298,5.8,HL_P,Jel42 antibody,HPr,-2.75
305,2JEL,Other,25.0,,P,E70K, 10.1006/JMBI.1998.1888æææ,7.43,0.28,0.21,1.5,298,5.8,HL_P,Jel42 antibody,HPr,-4.13
306,2JEL,Other,25.0,,P,E75R, 10.1006/JMBI.1998.1888æææ,7.43,0.28,0.21,1.5,298,5.8,HL_P,Jel42 antibody,HPr,-2.75
307,2JEL,Other,25.0,,P,E83A, 10.1006/JMBI.1998.1888æææ,7.43,0.28,0.21,1.5,298,5.8,HL_P,Jel42 antibody,HPr,0.0
308,2JEL,Other,25.0,,P,E85A, 10.1006/JMBI.1998.1888æææ,7.43,0.28,0.21,1.5,298,5.8,HL_P,Jel42 antibody,HPr,0.0
309,2JEL,Other,25.0,,P,E85D, 10.1006/JMBI.1998.1888æææ,7.43,0.28,0.21,1.5,298,5.8,HL_P,Jel42 antibody,HPr,0.0
310,2JEL,Other,25.0,,P,E85K, 10.1006/JMBI.1998.1888æææ,7.43,0.28,0.21,1.5,298,5.8,HL_P,Jel42 antibody,HPr,0.0
311,2JEL,Other,25.0,,P,E85Q, 10.1006/JMBI.1998.1888æææ,7.43,0.28,0.21,1.5,298,5.8,HL_P,Jel42 antibody,HPr,0.0
312,2JEL,Other,25.0,,P,F2W, 10.1006/JMBI.1998.1888æææ,7.43,0.28,0.21,1.5,298,5.8,HL_P,Jel42 antibody,HPr,-2.64
313,2JEL,Other,25.0,,P,F2Y, 10.1006/JMBI.1998.1888æææ,7.43,0.28,0.21,1.5,298,5.8,HL_P,Jel42 antibody,HPr,0.0
314,2JEL,Other,25.0,,P,H76A, 10.1006/JMBI.1998.1888æææ,7.43,0.28,0.21,1.5,298,5.8,HL_P,Jel42 antibody,HPr,0.41
315,2JEL,Other,25.0,,P,H76D, 10.1006/JMBI.1998.1888æææ,7.43,0.28,0.21,1.5,298,5.8,HL_P,Jel42 antibody,HPr,0.66
316,2JEL,Other,25.0,,P,K24E, 10.1006/JMBI.1998.1888æææ,7.43,0.28,0.21,1.5,298,5.8,HL_P,Jel42 antibody,HPr,0.0
317,2JEL,Other,25.0,,P,K27E, 10.1006/JMBI.1998.1888æææ,7.43,0.28,0.21,1.5,298,5.8,HL_P,Jel42 antibody,HPr,0.0
318,2JEL,Other,25.0,,P,K72E, 10.1006/JMBI.1998.1888æææ,7.43,0.28,0.21,1.5,298,5.8,HL_P,Jel42 antibody,HPr,-0.41
319,2JEL,Other,25.0,,P,K72R, 10.1006/JMBI.1998.1888æææ,7.43,0.28,0.21,1.5,298,5.8,HL_P,Jel42 antibody,HPr,0.0
320,2JEL,Other,25.0,,P,K79E, 10.1006/JMBI.1998.1888æææ,7.43,0.28,0.21,1.5,298,5.8,HL_P,Jel42 antibody,HPr,-0.41
321,2JEL,Other,25.0,,P,N12D, 10.1006/JMBI.1998.1888æææ,7.43,0.28,0.21,1.5,298,5.8,HL_P,Jel42 antibody,HPr,0.0
322,2JEL,Other,25.0,,P,N38T, 10.1006/JMBI.1998.1888æææ,7.43,0.28,0.21,1.5,298,5.8,HL_P,Jel42 antibody,HPr,0.0
323,2JEL,Other,25.0,,P,P11E, 10.1006/JMBI.1998.1888æææ,7.43,0.28,0.21,1.5,298,5.8,HL_P,Jel42 antibody,HPr,0.0
324,2JEL,Other,25.0,,P,Q3K, 10.1006/JMBI.1998.1888æææ,7.43,0.28,0.21,1.5,298,5.8,HL_P,Jel42 antibody,HPr,-4.13
325,2JEL,Other,25.0,,P,Q4K, 10.1006/JMBI.1998.1888æææ,7.43,0.28,0.21,1.5,298,5.8,HL_P,Jel42 antibody,HPr,-1.38
326,2JEL,Other,25.0,,P,Q57E, 10.1006/JMBI.1998.1888æææ,7.43,0.28,0.21,1.5,298,5.8,HL_P,Jel42 antibody,HPr,0.41
327,2JEL,Other,25.0,,P,Q71E, 10.1006/JMBI.1998.1888æææ,7.43,0.28,0.21,1.5,298,5.8,HL_P,Jel42 antibody,HPr,-2.75
328,2JEL,Other,25.0,,P,R17G, 10.1006/JMBI.1998.1888æææ,7.43,0.28,0.21,1.5,298,5.8,HL_P,Jel42 antibody,HPr,0.0
329,2JEL,Other,25.0,,P,R17K, 10.1006/JMBI.1998.1888æææ,7.43,0.28,0.21,1.5,298,5.8,HL_P,Jel42 antibody,HPr,0.0
330,2JEL,Other,25.0,,P,S41C, 10.1006/JMBI.1998.1888æææ,7.43,0.28,0.21,1.5,298,5.8,HL_P,Jel42 antibody,HPr,-1.51
331,2JEL,Other,25.0,,P,S43C, 10.1006/JMBI.1998.1888æææ,7.43,0.28,0.21,1.5,298,5.8,HL_P,Jel42 antibody,HPr,0.0
332,2JEL,Other,25.0,,P,S46C, 10.1006/JMBI.1998.1888æææ,7.43,0.28,0.21,1.5,298,5.8,HL_P,Jel42 antibody,HPr,0.0
333,2JEL,Other,25.0,,P,S64T, 10.1006/JMBI.1998.1888æææ,7.43,0.28,0.21,1.5,298,5.8,HL_P,Jel42 antibody,HPr,-4.13
334,2JEL,Other,25.0,,P,T34Q, 10.1006/JMBI.1998.1888æææ,7.43,0.28,0.21,1.5,298,5.8,HL_P,Jel42 antibody,HPr,0.0
335,2JEL,Other,25.0,,P,T36Q, 10.1006/JMBI.1998.1888æææ,7.43,0.28,0.21,1.5,298,5.8,HL_P,Jel42 antibody,HPr,-0.41
336,2JEL,Other,25.0,,P,T62A, 10.1006/JMBI.1998.1888æææ,7.43,0.28,0.21,1.5,298,5.8,HL_P,Jel42 antibody,HPr,0.0
337,2JEL,Other,25.0,,P,T62N, 10.1006/JMBI.1998.1888æææ,7.43,0.28,0.21,1.5,298,5.8,HL_P,Jel42 antibody,HPr,0.0
338,2JEL,Other,25.0,,P,T7N, 10.1006/JMBI.1998.1888æææ,7.43,0.28,0.21,1.5,298,5.8,HL_P,Jel42 antibody,HPr,-0.41
339,2JEL,Other,25.0,,P,T7S, 10.1006/JMBI.1998.1888æææ,7.43,0.28,0.21,1.5,298,5.8,HL_P,Jel42 antibody,HPr,0.0
340,2JEL,Other,25.0,,P,V6F, 10.1006/JMBI.1998.1888æææ,7.43,0.28,0.21,1.5,298,5.8,HL_P,Jel42 antibody,HPr,0.0
341,2NYY,KinExA,23.0,7.4,A,D1058A, 10.1038/NBT1269,13.91,0.246,0.20600000000000002,2.61,100,5.5,A_HL,Bont/A1,mAb CR1,-0.01
342,2NYY,KinExA,23.0,7.4,A,D1062A, 10.1038/NBT1269,13.91,0.246,0.20600000000000002,2.61,100,5.5,A_HL,Bont/A1,mAb CR1,-2.53
343,2NYY,KinExA,23.0,7.4,A,E920A, 10.1038/NBT1269,13.91,0.246,0.20600000000000002,2.61,100,5.5,A_HL,Bont/A1,mAb CR1,-2.84
344,2NYY,KinExA,23.0,7.4,A,F917A, 10.1038/NBT1269,13.91,0.246,0.20600000000000002,2.61,100,5.5,A_HL,Bont/A1,mAb CR1,-0.42
345,2NYY,KinExA,23.0,7.4,A,F953A, 10.1038/NBT1269,13.91,0.246,0.20600000000000002,2.61,100,5.5,A_HL,Bont/A1,mAb CR1,-4.06
346,2NYY,KinExA,23.0,7.4,A,H1064A, 10.1038/NBT1269,13.91,0.246,0.20600000000000002,2.61,100,5.5,A_HL,Bont/A1,mAb CR1,-7.32
347,2NYY,KinExA,23.0,7.4,A,I956A, 10.1038/NBT1269,13.91,0.246,0.20600000000000002,2.61,100,5.5,A_HL,Bont/A1,mAb CR1,0.01
348,2NYY,KinExA,23.0,7.4,A,K1056A, 10.1038/NBT1269,13.91,0.246,0.20600000000000002,2.61,100,5.5,A_HL,Bont/A1,mAb CR1,0.03
349,2NYY,KinExA,23.0,7.4,A,K903A, 10.1038/NBT1269,13.91,0.246,0.20600000000000002,2.61,100,5.5,A_HL,Bont/A1,mAb CR1,-0.29
350,2NYY,KinExA,23.0,7.4,A,K923A, 10.1038/NBT1269,13.91,0.246,0.20600000000000002,2.61,100,5.5,A_HL,Bont/A1,mAb CR1,0.14
351,2NYY,KinExA,23.0,7.4,A,L919A, 10.1038/NBT1269,13.91,0.246,0.20600000000000002,2.61,100,5.5,A_HL,Bont/A1,mAb CR1,-2.59
352,2NYY,KinExA,23.0,7.4,A,N918A, 10.1038/NBT1269,13.91,0.246,0.20600000000000002,2.61,100,5.5,A_HL,Bont/A1,mAb CR1,-0.89
353,2NYY,KinExA,23.0,7.4,A,N954A, 10.1038/NBT1269,13.91,0.246,0.20600000000000002,2.61,100,5.5,A_HL,Bont/A1,mAb CR1,-0.1
354,2NYY,KinExA,23.0,7.4,A,Q915A, 10.1038/NBT1269,13.91,0.246,0.20600000000000002,2.61,100,5.5,A_HL,Bont/A1,mAb CR1,-0.52
355,2NYY,KinExA,23.0,7.4,A,R1061A, 10.1038/NBT1269,13.91,0.246,0.20600000000000002,2.61,100,5.5,A_HL,Bont/A1,mAb CR1,-0.82
356,2NYY,KinExA,23.0,7.4,A,R1294A, 10.1038/NBT1269,13.91,0.246,0.20600000000000002,2.61,100,5.5,A_HL,Bont/A1,mAb CR1,-0.3
357,2NYY,KinExA,23.0,7.4,A,S902A, 10.1038/NBT1269,13.91,0.246,0.20600000000000002,2.61,100,5.5,A_HL,Bont/A1,mAb CR1,0.23
358,2NYY,KinExA,23.0,7.4,A,S955A, 10.1038/NBT1269,13.91,0.246,0.20600000000000002,2.61,100,5.5,A_HL,Bont/A1,mAb CR1,0.0
359,2NYY,KinExA,23.0,7.4,A,T1063A, 10.1038/NBT1269,13.91,0.246,0.20600000000000002,2.61,100,5.5,A_HL,Bont/A1,mAb CR1,-1.62
360,2NYY,KinExA,23.0,7.4,H,K30R, 10.1038/NBT1269,13.91,0.246,0.20600000000000002,2.61,100,5.5,A_HL,Bont/A1,mAb CR1,-0.07
361,2NYY,KinExA,23.0,7.4,H,M34Q, 10.1038/NBT1269,13.91,0.246,0.20600000000000002,2.61,100,5.5,A_HL,Bont/A1,mAb CR1,0.06
362,2NYY,KinExA,23.0,7.4,H,Y31D, 10.1038/NBT1269,13.91,0.246,0.20600000000000002,2.61,100,5.5,A_HL,Bont/A1,mAb CR1,-0.07
363,2NYY,KinExA,23.0,7.4,H,Y31Q, 10.1038/NBT1269,13.91,0.246,0.20600000000000002,2.61,100,5.5,A_HL,Bont/A1,mAb CR1,-0.13
364,2NYY,KinExA,23.0,7.4,H,Y57Q, 10.1038/NBT1269,13.91,0.246,0.20600000000000002,2.61,100,5.5,A_HL,Bont/A1,mAb CR1,-0.52
365,2NYY,KinExA,23.0,7.4,L,D30Y, 10.1038/NBT1269,13.91,0.246,0.20600000000000002,2.61,100,5.5,A_HL,Bont/A1,mAb CR1,-0.65
366,2NYY,KinExA,23.0,7.4,L,H34R, 10.1038/NBT1269,13.91,0.246,0.20600000000000002,2.61,100,5.5,A_HL,Bont/A1,mAb CR1,-0.1
367,2NYY,KinExA,23.0,7.4,L,S28Q, 10.1038/NBT1269,13.91,0.246,0.20600000000000002,2.61,100,5.5,A_HL,Bont/A1,mAb CR1,-0.42
368,2NYY,KinExA,23.0,7.4,L,S31N, 10.1038/NBT1269,13.91,0.246,0.20600000000000002,2.61,100,5.5,A_HL,Bont/A1,mAb CR1,0.36
369,2NZ9,KinExA,23.0,7.4,A,D1058A, 10.1038/NBT1269,18.0,0.278,0.22399999999999998,3.79,100,5.6,A_HL,Bont/A1,mAb AR2,0.03
370,2NZ9,KinExA,23.0,7.4,A,D1062A, 10.1038/NBT1269,18.0,0.278,0.22399999999999998,3.79,100,5.6,A_HL,Bont/A1,mAb AR2,-2.34
371,2NZ9,KinExA,23.0,7.4,A,E920A, 10.1038/NBT1269,18.0,0.278,0.22399999999999998,3.79,100,5.6,A_HL,Bont/A1,mAb AR2,-2.77
372,2NZ9,KinExA,23.0,7.4,A,F917A, 10.1038/NBT1269,18.0,0.278,0.22399999999999998,3.79,100,5.6,A_HL,Bont/A1,mAb AR2,0.05
373,2NZ9,KinExA,23.0,7.4,A,F953A, 10.1038/NBT1269,18.0,0.278,0.22399999999999998,3.79,100,5.6,A_HL,Bont/A1,mAb AR2,-3.34
374,2NZ9,KinExA,23.0,7.4,A,H1064A, 10.1038/NBT1269,18.0,0.278,0.22399999999999998,3.79,100,5.6,A_HL,Bont/A1,mAb AR2,-7.42
375,2NZ9,KinExA,23.0,7.4,A,I956A, 10.1038/NBT1269,18.0,0.278,0.22399999999999998,3.79,100,5.6,A_HL,Bont/A1,mAb AR2,-0.07
376,2NZ9,KinExA,23.0,7.4,A,K1056A, 10.1038/NBT1269,18.0,0.278,0.22399999999999998,3.79,100,5.6,A_HL,Bont/A1,mAb AR2,0.01
377,2NZ9,KinExA,23.0,7.4,A,K903A, 10.1038/NBT1269,18.0,0.278,0.22399999999999998,3.79,100,5.6,A_HL,Bont/A1,mAb AR2,-0.54
378,2NZ9,KinExA,23.0,7.4,A,K923A, 10.1038/NBT1269,18.0,0.278,0.22399999999999998,3.79,100,5.6,A_HL,Bont/A1,mAb AR2,0.3
379,2NZ9,KinExA,23.0,7.4,A,L919A, 10.1038/NBT1269,18.0,0.278,0.22399999999999998,3.79,100,5.6,A_HL,Bont/A1,mAb AR2,-2.28
380,2NZ9,KinExA,23.0,7.4,A,N918A, 10.1038/NBT1269,18.0,0.278,0.22399999999999998,3.79,100,5.6,A_HL,Bont/A1,mAb AR2,-2.16
381,2NZ9,KinExA,23.0,7.4,A,N954A, 10.1038/NBT1269,18.0,0.278,0.22399999999999998,3.79,100,5.6,A_HL,Bont/A1,mAb AR2,0.15
382,2NZ9,KinExA,23.0,7.4,A,Q915A, 10.1038/NBT1269,18.0,0.278,0.22399999999999998,3.79,100,5.6,A_HL,Bont/A1,mAb AR2,-0.1
383,2NZ9,KinExA,23.0,7.4,A,R1061A, 10.1038/NBT1269,18.0,0.278,0.22399999999999998,3.79,100,5.6,A_HL,Bont/A1,mAb AR2,-0.29
384,2NZ9,KinExA,23.0,7.4,A,R1294A, 10.1038/NBT1269,18.0,0.278,0.22399999999999998,3.79,100,5.6,A_HL,Bont/A1,mAb AR2,-0.39
385,2NZ9,KinExA,23.0,7.4,A,S902A, 10.1038/NBT1269,18.0,0.278,0.22399999999999998,3.79,100,5.6,A_HL,Bont/A1,mAb AR2,0.12
386,2NZ9,KinExA,23.0,7.4,A,S955A, 10.1038/NBT1269,18.0,0.278,0.22399999999999998,3.79,100,5.6,A_HL,Bont/A1,mAb AR2,0.08
387,2NZ9,KinExA,23.0,7.4,A,T1063A, 10.1038/NBT1269,18.0,0.278,0.22399999999999998,3.79,100,5.6,A_HL,Bont/A1,mAb AR2,-2.37
388,3BDY,Phage ELISA,,,H,D31A, 10.1126/SCIENCE.1165480,2.12,0.252,0.19399999999999998,2.6,100,7.5,HL_V,Dual specific bH1 Fab,VEGF,-0.2
389,3BDY,Phage ELISA,,,H,D98A, 10.1126/SCIENCE.1165480,2.12,0.252,0.19399999999999998,2.6,100,7.5,HL_V,Dual specific bH1 Fab,VEGF,0.0
390,3BDY,Phage ELISA,,,H,F100A, 10.1126/SCIENCE.1165480,2.12,0.252,0.19399999999999998,2.6,100,7.5,HL_V,Dual specific bH1 Fab,VEGF,-0.7
391,3BDY,Phage ELISA,,,H,G96A, 10.1126/SCIENCE.1165480,2.12,0.252,0.19399999999999998,2.6,100,7.5,HL_V,Dual specific bH1 Fab,VEGF,-0.2
392,3BDY,Phage ELISA,,,H,G97A, 10.1126/SCIENCE.1165480,2.12,0.252,0.19399999999999998,2.6,100,7.5,HL_V,Dual specific bH1 Fab,VEGF,0.1
393,3BDY,Phage ELISA,,,H,G99A, 10.1126/SCIENCE.1165480,2.12,0.252,0.19399999999999998,2.6,100,7.5,HL_V,Dual specific bH1 Fab,VEGF,-0.8
394,3BDY,Phage ELISA,,,H,K30A, 10.1126/SCIENCE.1165480,2.12,0.252,0.19399999999999998,2.6,100,7.5,HL_V,Dual specific bH1 Fab,VEGF,-0.2
395,3BDY,Phage ELISA,,,H,N54A, 10.1126/SCIENCE.1165480,2.12,0.252,0.19399999999999998,2.6,100,7.5,HL_V,Dual specific bH1 Fab,VEGF,0.2
396,3BDY,Phage ELISA,,,H,R50A, 10.1126/SCIENCE.1165480,2.12,0.252,0.19399999999999998,2.6,100,7.5,HL_V,Dual specific bH1 Fab,VEGF,0.3
397,3BDY,Phage ELISA,,,H,R58A, 10.1126/SCIENCE.1165480,2.12,0.252,0.19399999999999998,2.6,100,7.5,HL_V,Dual specific bH1 Fab,VEGF,0.2
398,3BDY,Phage ELISA,,,H,T32A, 10.1126/SCIENCE.1165480,2.12,0.252,0.19399999999999998,2.6,100,7.5,HL_V,Dual specific bH1 Fab,VEGF,0.4
399,3BDY,Phage ELISA,,,H,T53A, 10.1126/SCIENCE.1165480,2.12,0.252,0.19399999999999998,2.6,100,7.5,HL_V,Dual specific bH1 Fab,VEGF,0.5
400,3BDY,Phage ELISA,,,H,W95A, 10.1126/SCIENCE.1165480,2.12,0.252,0.19399999999999998,2.6,100,7.5,HL_V,Dual specific bH1 Fab,VEGF,-2.0
401,3BDY,Phage ELISA,,,H,Y100aA, 10.1126/SCIENCE.1165480,2.12,0.252,0.19399999999999998,2.6,100,7.5,HL_V,Dual specific bH1 Fab,VEGF,-0.5
402,3BDY,Phage ELISA,,,H,Y33A, 10.1126/SCIENCE.1165480,2.12,0.252,0.19399999999999998,2.6,100,7.5,HL_V,Dual specific bH1 Fab,VEGF,-0.3
403,3BDY,Phage ELISA,,,H,Y52A, 10.1126/SCIENCE.1165480,2.12,0.252,0.19399999999999998,2.6,100,7.5,HL_V,Dual specific bH1 Fab,VEGF,-0.4
404,3BDY,Phage ELISA,,,H,Y56A, 10.1126/SCIENCE.1165480,2.12,0.252,0.19399999999999998,2.6,100,7.5,HL_V,Dual specific bH1 Fab,VEGF,-0.2
405,3BDY,Phage ELISA,,,L,D27aA, 10.1126/SCIENCE.1165480,2.12,0.252,0.19399999999999998,2.6,100,7.5,HL_V,Dual specific bH1 Fab,VEGF,0.0
406,3BDY,Phage ELISA,,,L,G31A, 10.1126/SCIENCE.1165480,2.12,0.252,0.19399999999999998,2.6,100,7.5,HL_V,Dual specific bH1 Fab,VEGF,-1.2
407,3BDY,Phage ELISA,,,L,G51A, 10.1126/SCIENCE.1165480,2.12,0.252,0.19399999999999998,2.6,100,7.5,HL_V,Dual specific bH1 Fab,VEGF,-1.0
408,3BDY,Phage ELISA,,,L,H91A, 10.1126/SCIENCE.1165480,2.12,0.252,0.19399999999999998,2.6,100,7.5,HL_V,Dual specific bH1 Fab,VEGF,-2.0
409,3BDY,Phage ELISA,,,L,I27bA, 10.1126/SCIENCE.1165480,2.12,0.252,0.19399999999999998,2.6,100,7.5,HL_V,Dual specific bH1 Fab,VEGF,-1.1
410,3BDY,Phage ELISA,,,L,I29A, 10.1126/SCIENCE.1165480,2.12,0.252,0.19399999999999998,2.6,100,7.5,HL_V,Dual specific bH1 Fab,VEGF,-0.8
411,3BDY,Phage ELISA,,,L,P27cA, 10.1126/SCIENCE.1165480,2.12,0.252,0.19399999999999998,2.6,100,7.5,HL_V,Dual specific bH1 Fab,VEGF,-0.2
412,3BDY,Phage ELISA,,,L,R27dA, 10.1126/SCIENCE.1165480,2.12,0.252,0.19399999999999998,2.6,100,7.5,HL_V,Dual specific bH1 Fab,VEGF,0.2
413,3BDY,Phage ELISA,,,L,S28A, 10.1126/SCIENCE.1165480,2.12,0.252,0.19399999999999998,2.6,100,7.5,HL_V,Dual specific bH1 Fab,VEGF,-1.0
414,3BDY,Phage ELISA,,,L,S30A, 10.1126/SCIENCE.1165480,2.12,0.252,0.19399999999999998,2.6,100,7.5,HL_V,Dual specific bH1 Fab,VEGF,-1.3
415,3BDY,Phage ELISA,,,L,S52A, 10.1126/SCIENCE.1165480,2.12,0.252,0.19399999999999998,2.6,100,7.5,HL_V,Dual specific bH1 Fab,VEGF,-0.1
416,3BDY,Phage ELISA,,,L,T93A, 10.1126/SCIENCE.1165480,2.12,0.252,0.19399999999999998,2.6,100,7.5,HL_V,Dual specific bH1 Fab,VEGF,0.3
417,3BDY,Phage ELISA,,,L,T94A, 10.1126/SCIENCE.1165480,2.12,0.252,0.19399999999999998,2.6,100,7.5,HL_V,Dual specific bH1 Fab,VEGF,0.0
418,3BDY,Phage ELISA,,,L,W50A, 10.1126/SCIENCE.1165480,2.12,0.252,0.19399999999999998,2.6,100,7.5,HL_V,Dual specific bH1 Fab,VEGF,-1.3
419,3BDY,Phage ELISA,,,L,Y32A, 10.1126/SCIENCE.1165480,2.12,0.252,0.19399999999999998,2.6,100,7.5,HL_V,Dual specific bH1 Fab,VEGF,-1.7
420,3BDY,Phage ELISA,,,L,Y53A, 10.1126/SCIENCE.1165480,2.12,0.252,0.19399999999999998,2.6,100,7.5,HL_V,Dual specific bH1 Fab,VEGF,-0.7
421,3BDY,Phage ELISA,,,L,Y92A, 10.1126/SCIENCE.1165480,2.12,0.252,0.19399999999999998,2.6,100,7.5,HL_V,Dual specific bH1 Fab,VEGF,-1.4
422,3BE1,Phage ELISA,,,H,D31A, 10.1126/SCIENCE.1165480,8.16,0.277,0.23600000000000002,2.9,100,8,A_HL,Dual specific bH1 Fab,HER2/ErbB-2,-0.4
423,3BE1,Phage ELISA,,,H,D98A, 10.1126/SCIENCE.1165480,8.16,0.277,0.23600000000000002,2.9,100,8,A_HL,Dual specific bH1 Fab,HER2/ErbB-2,0.1
424,3BE1,Phage ELISA,,,H,F100A, 10.1126/SCIENCE.1165480,8.16,0.277,0.23600000000000002,2.9,100,8,A_HL,Dual specific bH1 Fab,HER2/ErbB-2,-1.9
425,3BE1,Phage ELISA,,,H,G96A, 10.1126/SCIENCE.1165480,8.16,0.277,0.23600000000000002,2.9,100,8,A_HL,Dual specific bH1 Fab,HER2/ErbB-2,-0.1
426,3BE1,Phage ELISA,,,H,G97A, 10.1126/SCIENCE.1165480,8.16,0.277,0.23600000000000002,2.9,100,8,A_HL,Dual specific bH1 Fab,HER2/ErbB-2,-0.3
427,3BE1,Phage ELISA,,,H,G99A, 10.1126/SCIENCE.1165480,8.16,0.277,0.23600000000000002,2.9,100,8,A_HL,Dual specific bH1 Fab,HER2/ErbB-2,-1.8
428,3BE1,Phage ELISA,,,H,K30A, 10.1126/SCIENCE.1165480,8.16,0.277,0.23600000000000002,2.9,100,8,A_HL,Dual specific bH1 Fab,HER2/ErbB-2,0.3
429,3BE1,Phage ELISA,,,H,N54A, 10.1126/SCIENCE.1165480,8.16,0.277,0.23600000000000002,2.9,100,8,A_HL,Dual specific bH1 Fab,HER2/ErbB-2,0.8
430,3BE1,Phage ELISA,,,H,R50A, 10.1126/SCIENCE.1165480,8.16,0.277,0.23600000000000002,2.9,100,8,A_HL,Dual specific bH1 Fab,HER2/ErbB-2,-2.4
431,3BE1,Phage ELISA,,,H,R58A, 10.1126/SCIENCE.1165480,8.16,0.277,0.23600000000000002,2.9,100,8,A_HL,Dual specific bH1 Fab,HER2/ErbB-2,-2.5
432,3BE1,Phage ELISA,,,H,T32A, 10.1126/SCIENCE.1165480,8.16,0.277,0.23600000000000002,2.9,100,8,A_HL,Dual specific bH1 Fab,HER2/ErbB-2,0.4
433,3BE1,Phage ELISA,,,H,T53A, 10.1126/SCIENCE.1165480,8.16,0.277,0.23600000000000002,2.9,100,8,A_HL,Dual specific bH1 Fab,HER2/ErbB-2,-0.1
434,3BE1,Phage ELISA,,,H,W95A, 10.1126/SCIENCE.1165480,8.16,0.277,0.23600000000000002,2.9,100,8,A_HL,Dual specific bH1 Fab,HER2/ErbB-2,-1.8
435,3BE1,Phage ELISA,,,H,Y100aA, 10.1126/SCIENCE.1165480,8.16,0.277,0.23600000000000002,2.9,100,8,A_HL,Dual specific bH1 Fab,HER2/ErbB-2,-1.2
436,3BE1,Phage ELISA,,,H,Y33A, 10.1126/SCIENCE.1165480,8.16,0.277,0.23600000000000002,2.9,100,8,A_HL,Dual specific bH1 Fab,HER2/ErbB-2,-2.4
437,3BE1,Phage ELISA,,,H,Y52A, 10.1126/SCIENCE.1165480,8.16,0.277,0.23600000000000002,2.9,100,8,A_HL,Dual specific bH1 Fab,HER2/ErbB-2,0.8
438,3BE1,Phage ELISA,,,H,Y56A, 10.1126/SCIENCE.1165480,8.16,0.277,0.23600000000000002,2.9,100,8,A_HL,Dual specific bH1 Fab,HER2/ErbB-2,-1.8
439,3BE1,Phage ELISA,,,L,D27aA, 10.1126/SCIENCE.1165480,8.16,0.277,0.23600000000000002,2.9,100,8,A_HL,Dual specific bH1 Fab,HER2/ErbB-2,0.0
440,3BE1,Phage ELISA,,,L,G31A, 10.1126/SCIENCE.1165480,8.16,0.277,0.23600000000000002,2.9,100,8,A_HL,Dual specific bH1 Fab,HER2/ErbB-2,-0.3
441,3BE1,Phage ELISA,,,L,G51A, 10.1126/SCIENCE.1165480,8.16,0.277,0.23600000000000002,2.9,100,8,A_HL,Dual specific bH1 Fab,HER2/ErbB-2,0.3
442,3BE1,Phage ELISA,,,L,H91A, 10.1126/SCIENCE.1165480,8.16,0.277,0.23600000000000002,2.9,100,8,A_HL,Dual specific bH1 Fab,HER2/ErbB-2,-0.9
443,3BE1,Phage ELISA,,,L,I27bA, 10.1126/SCIENCE.1165480,8.16,0.277,0.23600000000000002,2.9,100,8,A_HL,Dual specific bH1 Fab,HER2/ErbB-2,0.2
444,3BE1,Phage ELISA,,,L,I29A, 10.1126/SCIENCE.1165480,8.16,0.277,0.23600000000000002,2.9,100,8,A_HL,Dual specific bH1 Fab,HER2/ErbB-2,-0.9
445,3BE1,Phage ELISA,,,L,P27cA, 10.1126/SCIENCE.1165480,8.16,0.277,0.23600000000000002,2.9,100,8,A_HL,Dual specific bH1 Fab,HER2/ErbB-2,-0.1
446,3BE1,Phage ELISA,,,L,R27dA, 10.1126/SCIENCE.1165480,8.16,0.277,0.23600000000000002,2.9,100,8,A_HL,Dual specific bH1 Fab,HER2/ErbB-2,0.2
447,3BE1,Phage ELISA,,,L,S28A, 10.1126/SCIENCE.1165480,8.16,0.277,0.23600000000000002,2.9,100,8,A_HL,Dual specific bH1 Fab,HER2/ErbB-2,-0.3
448,3BE1,Phage ELISA,,,L,S30A, 10.1126/SCIENCE.1165480,8.16,0.277,0.23600000000000002,2.9,100,8,A_HL,Dual specific bH1 Fab,HER2/ErbB-2,0.2
449,3BE1,Phage ELISA,,,L,S52A, 10.1126/SCIENCE.1165480,8.16,0.277,0.23600000000000002,2.9,100,8,A_HL,Dual specific bH1 Fab,HER2/ErbB-2,-0.3
450,3BE1,Phage ELISA,,,L,T93A, 10.1126/SCIENCE.1165480,8.16,0.277,0.23600000000000002,2.9,100,8,A_HL,Dual specific bH1 Fab,HER2/ErbB-2,0.4
451,3BE1,Phage ELISA,,,L,T94A, 10.1126/SCIENCE.1165480,8.16,0.277,0.23600000000000002,2.9,100,8,A_HL,Dual specific bH1 Fab,HER2/ErbB-2,-1.4
452,3BE1,Phage ELISA,,,L,W50A, 10.1126/SCIENCE.1165480,8.16,0.277,0.23600000000000002,2.9,100,8,A_HL,Dual specific bH1 Fab,HER2/ErbB-2,-1.4
453,3BE1,Phage ELISA,,,L,Y32A, 10.1126/SCIENCE.1165480,8.16,0.277,0.23600000000000002,2.9,100,8,A_HL,Dual specific bH1 Fab,HER2/ErbB-2,0.8
454,3BE1,Phage ELISA,,,L,Y53A, 10.1126/SCIENCE.1165480,8.16,0.277,0.23600000000000002,2.9,100,8,A_HL,Dual specific bH1 Fab,HER2/ErbB-2,-0.9
455,3BE1,Phage ELISA,,,L,Y92A, 10.1126/SCIENCE.1165480,8.16,0.277,0.23600000000000002,2.9,100,8,A_HL,Dual specific bH1 Fab,HER2/ErbB-2,-0.5
456,3BN9,Enzymatic 2,25.0,8.5,A,D217A, 10.1016/J.JMB.2008.05.009,21.13,0.267,0.223,2.17,100,8,A_HL,MT-SP1,Fab Inhibitor E2,-0.57
457,3BN9,Enzymatic 2,25.0,8.5,A,D60aA, 10.1016/J.JMB.2008.05.009,21.13,0.267,0.223,2.17,100,8,A_HL,MT-SP1,Fab Inhibitor E2,-0.42
458,3BN9,Enzymatic 2,25.0,8.5,A,D60bA, 10.1016/J.JMB.2008.05.009,21.13,0.267,0.223,2.17,100,8,A_HL,MT-SP1,Fab Inhibitor E2,-0.31
459,3BN9,Enzymatic 2,25.0,8.5,A,D96A, 10.1016/J.JMB.2008.05.009,21.13,0.267,0.223,2.17,100,8,A_HL,MT-SP1,Fab Inhibitor E2,-6.7
460,3BN9,Enzymatic 2,25.0,8.5,A,E169A, 10.1016/J.JMB.2008.05.009,21.13,0.267,0.223,2.17,100,8,A_HL,MT-SP1,Fab Inhibitor E2,-0.37
461,3BN9,Enzymatic 2,25.0,8.5,A,F60eA, 10.1016/J.JMB.2008.05.009,21.13,0.267,0.223,2.17,100,8,A_HL,MT-SP1,Fab Inhibitor E2,0.05
462,3BN9,Enzymatic 2,25.0,8.5,A,F94A, 10.1016/J.JMB.2008.05.009,21.13,0.267,0.223,2.17,100,8,A_HL,MT-SP1,Fab Inhibitor E2,-0.64
463,3BN9,Enzymatic 2,25.0,8.5,A,F97A, 10.1016/J.JMB.2008.05.009,21.13,0.267,0.223,2.17,100,8,A_HL,MT-SP1,Fab Inhibitor E2,-6.7
464,3BN9,Enzymatic 2,25.0,8.5,A,H143A, 10.1016/J.JMB.2008.05.009,21.13,0.267,0.223,2.17,100,8,A_HL,MT-SP1,Fab Inhibitor E2,-0.09
465,3BN9,Enzymatic 2,25.0,8.5,A,I41A, 10.1016/J.JMB.2008.05.009,21.13,0.267,0.223,2.17,100,8,A_HL,MT-SP1,Fab Inhibitor E2,0.0
466,3BN9,Enzymatic 2,25.0,8.5,A,I60A, 10.1016/J.JMB.2008.05.009,21.13,0.267,0.223,2.17,100,8,A_HL,MT-SP1,Fab Inhibitor E2,-0.84
467,3BN9,Enzymatic 2,25.0,8.5,A,K224A, 10.1016/J.JMB.2008.05.009,21.13,0.267,0.223,2.17,100,8,A_HL,MT-SP1,Fab Inhibitor E2,-0.79
468,3BN9,Enzymatic 2,25.0,8.5,A,L153A, 10.1016/J.JMB.2008.05.009,21.13,0.267,0.223,2.17,100,8,A_HL,MT-SP1,Fab Inhibitor E2,-0.34
469,3BN9,Enzymatic 2,25.0,8.5,A,N95A, 10.1016/J.JMB.2008.05.009,21.13,0.267,0.223,2.17,100,8,A_HL,MT-SP1,Fab Inhibitor E2,-0.77
470,3BN9,Enzymatic 2,25.0,8.5,A,Q145A, 10.1016/J.JMB.2008.05.009,21.13,0.267,0.223,2.17,100,8,A_HL,MT-SP1,Fab Inhibitor E2,-0.13
471,3BN9,Enzymatic 2,25.0,8.5,A,Q174A, 10.1016/J.JMB.2008.05.009,21.13,0.267,0.223,2.17,100,8,A_HL,MT-SP1,Fab Inhibitor E2,0.03
472,3BN9,Enzymatic 2,25.0,8.5,A,Q175A, 10.1016/J.JMB.2008.05.009,21.13,0.267,0.223,2.17,100,8,A_HL,MT-SP1,Fab Inhibitor E2,-2.51
473,3BN9,Enzymatic 2,25.0,8.5,A,Q221aA, 10.1016/J.JMB.2008.05.009,21.13,0.267,0.223,2.17,100,8,A_HL,MT-SP1,Fab Inhibitor E2,-0.71
474,3BN9,Enzymatic 2,25.0,8.5,A,Q38A, 10.1016/J.JMB.2008.05.009,21.13,0.267,0.223,2.17,100,8,A_HL,MT-SP1,Fab Inhibitor E2,0.42
475,3BN9,Enzymatic 2,25.0,8.5,A,R222A, 10.1016/J.JMB.2008.05.009,21.13,0.267,0.223,2.17,100,8,A_HL,MT-SP1,Fab Inhibitor E2,0.09
476,3BN9,Enzymatic 2,25.0,8.5,A,R60cA, 10.1016/J.JMB.2008.05.009,21.13,0.267,0.223,2.17,100,8,A_HL,MT-SP1,Fab Inhibitor E2,0.05
477,3BN9,Enzymatic 2,25.0,8.5,A,R60fA, 10.1016/J.JMB.2008.05.009,21.13,0.267,0.223,2.17,100,8,A_HL,MT-SP1,Fab Inhibitor E2,0.07
478,3BN9,Enzymatic 2,25.0,8.5,A,R87A, 10.1016/J.JMB.2008.05.009,21.13,0.267,0.223,2.17,100,8,A_HL,MT-SP1,Fab Inhibitor E2,0.16
479,3BN9,Enzymatic 2,25.0,8.5,A,T150A, 10.1016/J.JMB.2008.05.009,21.13,0.267,0.223,2.17,100,8,A_HL,MT-SP1,Fab Inhibitor E2,-0.29
480,3BN9,Enzymatic 2,25.0,8.5,A,T98A, 10.1016/J.JMB.2008.05.009,21.13,0.267,0.223,2.17,100,8,A_HL,MT-SP1,Fab Inhibitor E2,-1.13
481,3BN9,Enzymatic 2,25.0,8.5,A,Y146A, 10.1016/J.JMB.2008.05.009,21.13,0.267,0.223,2.17,100,8,A_HL,MT-SP1,Fab Inhibitor E2,-1.09
482,3BN9,Enzymatic 2,25.0,8.5,A,Y60gA, 10.1016/J.JMB.2008.05.009,21.13,0.267,0.223,2.17,100,8,A_HL,MT-SP1,Fab Inhibitor E2,-0.02
483,3BN9,Enzymatic 2,25.0,8.5,H,P100H, 10.1016/J.JMB.2008.05.009,21.13,0.267,0.223,2.17,100,8,A_HL,MT-SP1,Fab Inhibitor E2,-8.0
484,3BN9,Enzymatic 2,25.0,8.5,H,Q100aV, 10.1016/J.JMB.2008.05.009,21.13,0.267,0.223,2.17,100,8,A_HL,MT-SP1,Fab Inhibitor E2,-1.36
485,3BN9,Enzymatic 2,25.0,8.5,H,S30G, 10.1016/J.JMB.2008.05.009,21.13,0.267,0.223,2.17,100,8,A_HL,MT-SP1,Fab Inhibitor E2,-1.36
486,3BN9,Enzymatic 2,25.0,8.5,H,S30N, 10.1016/J.JMB.2008.05.009,21.13,0.267,0.223,2.17,100,8,A_HL,MT-SP1,Fab Inhibitor E2,-1.36
487,3BN9,Enzymatic 2,25.0,8.5,H,T28R, 10.1016/J.JMB.2008.05.009,21.13,0.267,0.223,2.17,100,8,A_HL,MT-SP1,Fab Inhibitor E2,-0.3
488,3BN9,Enzymatic 2,25.0,8.5,H,T98Q, 10.1016/J.JMB.2008.05.009,21.13,0.267,0.223,2.17,100,8,A_HL,MT-SP1,Fab Inhibitor E2,0.0
489,3BN9,Enzymatic 2,25.0,8.5,H,T98R, 10.1016/J.JMB.2008.05.009,21.13,0.267,0.223,2.17,100,8,A_HL,MT-SP1,Fab Inhibitor E2,0.06
490,3BN9,Enzymatic 2,25.0,8.5,H,Y99S, 10.1016/J.JMB.2008.05.009,21.13,0.267,0.223,2.17,100,8,A_HL,MT-SP1,Fab Inhibitor E2,-0.41
491,3HFM,Enzymatic 1,25.0,6.2 & 7.0,H,C95A, 10.1073/PNAS.86.15.5938,46.85,na,0.24600000000000002,3.0,na,na,HL_Y,HyHEL-10,FV,-5.52
492,3HFM,Enzymatic 1,25.0,6.2 & 7.0,H,C95F, 10.1073/PNAS.86.15.5938,46.85,na,0.24600000000000002,3.0,na,na,HL_Y,HyHEL-10,FV,-3.25
493,3HFM,Enzymatic 1,25.0,6.2 & 7.0,H,D32A, 10.1073/PNAS.86.15.5938,46.85,na,0.24600000000000002,3.0,na,na,HL_Y,HyHEL-10,FV,-1.9
494,3HFM,Enzymatic 1,25.0,6.2 & 7.0,H,D32N, 10.1073/PNAS.86.15.5938,46.85,na,0.24600000000000002,3.0,na,na,HL_Y,HyHEL-10,FV,-0.17
495,3HFM,Enzymatic 1,25.0,6.2 & 7.0,H,S31A, 10.1073/PNAS.86.15.5938,46.85,na,0.24600000000000002,3.0,na,na,HL_Y,HyHEL-10,FV,-0.17
496,3HFM,Enzymatic 1,25.0,6.2 & 7.0,H,Y33A, 10.1073/PNAS.86.15.5938,46.85,na,0.24600000000000002,3.0,na,na,HL_Y,HyHEL-10,FV,-6.0
497,3HFM,Enzymatic 1,25.0,6.2 & 7.0,H,Y50A, 10.1073/PNAS.86.15.5938,46.85,na,0.24600000000000002,3.0,na,na,HL_Y,HyHEL-10,FV,-8.0
498,3HFM,Enzymatic 1,25.0,6.2 & 7.0,L,N31A, 10.1073/PNAS.86.15.5938,46.85,na,0.24600000000000002,3.0,na,na,HL_Y,HyHEL-10,FV,-5.22
499,3HFM,Enzymatic 1,25.0,6.2 & 7.0,L,N31D, 10.1073/PNAS.86.15.5938,46.85,na,0.24600000000000002,3.0,na,na,HL_Y,HyHEL-10,FV,-1.34
500,3HFM,Enzymatic 1,25.0,6.2 & 7.0,L,N31E, 10.1073/PNAS.86.15.5938,46.85,na,0.24600000000000002,3.0,na,na,HL_Y,HyHEL-10,FV,-5.67
501,3HFM,Enzymatic 1,25.0,6.2 & 7.0,L,N32A, 10.1073/PNAS.86.15.5938,46.85,na,0.24600000000000002,3.0,na,na,HL_Y,HyHEL-10,FV,-5.11
502,3HFM,Enzymatic 1,25.0,6.2 & 7.0,L,Q53A, 10.1073/PNAS.86.15.5938,46.85,na,0.24600000000000002,3.0,na,na,HL_Y,HyHEL-10,FV,-0.95
503,3HFM,Enzymatic 1,25.0,6.2 & 7.0,L,Y50A, 10.1073/PNAS.86.15.5938,46.85,na,0.24600000000000002,3.0,na,na,HL_Y,HyHEL-10,FV,-4.57
504,3HFM,Enzymatic 1,25.0,6.2 & 7.0,L,Y50F, 10.1073/PNAS.86.15.5938,46.85,na,0.24600000000000002,3.0,na,na,HL_Y,HyHEL-10,FV,-2.36
505,3HFM,Enzymatic 1,25.0,6.2 & 7.0,L,Y50L, 10.1073/PNAS.86.15.5938,46.85,na,0.24600000000000002,3.0,na,na,HL_Y,HyHEL-10,FV,-4.4
506,3HFM,Enzymatic 1,25.0,6.2 & 7.0,L,Y96A, 10.1073/PNAS.86.15.5938,46.85,na,0.24600000000000002,3.0,na,na,HL_Y,HyHEL-10,FV,-2.71
507,3HFM,Enzymatic 1,25.0,6.2 & 7.0,L,Y96F, 10.1073/PNAS.86.15.5938,46.85,na,0.24600000000000002,3.0,na,na,HL_Y,HyHEL-10,FV,-1.4
508,3HFM,Enzymatic 1,25.0,6.2 & 7.0,Y,K96A, 10.1073/PNAS.86.15.5938,46.85,na,0.24600000000000002,3.0,na,na,HL_Y,HyHEL-10,FV,-6.83
509,3HFM,Enzymatic 1,25.0,6.2 & 7.0,Y,K97A, 10.1073/PNAS.86.15.5938,46.85,na,0.24600000000000002,3.0,na,na,HL_Y,HyHEL-10,FV,-6.18
510,3HFM,Enzymatic 1,25.0,6.2 & 7.0,Y,K97M, 10.1073/PNAS.86.15.5938,46.85,na,0.24600000000000002,3.0,na,na,HL_Y,HyHEL-10,FV,-1.09
511,3HFM,Enzymatic 1,25.0,6.2 & 7.0,Y,R21A, 10.1073/PNAS.86.15.5938,46.85,na,0.24600000000000002,3.0,na,na,HL_Y,HyHEL-10,FV,-1.03
512,3HFM,Enzymatic 1,25.0,6.2 & 7.0,Y,Y20A, 10.1073/PNAS.86.15.5938,46.85,na,0.24600000000000002,3.0,na,na,HL_Y,HyHEL-10,FV,-4.87
513,3K2M,Phage ELISA,,,D,E52A, 10.1038/NSMB.1793,4.79,0.221,0.18,1.75,100,8.5,A_D,Monobody HA4/Abl1,SH2 Domain,-2.5
514,3K2M,Phage ELISA,,,D,M88A, 10.1038/NSMB.1793,4.79,0.221,0.18,1.75,100,8.5,A_D,Monobody HA4/Abl1,SH2 Domain,-4.0
515,3K2M,Phage ELISA,,,D,R38A, 10.1038/NSMB.1793,4.79,0.221,0.18,1.75,100,8.5,A_D,Monobody HA4/Abl1,SH2 Domain,-2.5
516,3K2M,Phage ELISA,,,D,W80A, 10.1038/NSMB.1793,4.79,0.221,0.18,1.75,100,8.5,A_D,Monobody HA4/Abl1,SH2 Domain,-4.0
517,3K2M,Phage ELISA,,,D,Y35A, 10.1038/NSMB.1793,4.79,0.221,0.18,1.75,100,8.5,A_D,Monobody HA4/Abl1,SH2 Domain,-1.0
518,3K2M,Phage ELISA,,,D,Y36A, 10.1038/NSMB.1793,4.79,0.221,0.18,1.75,100,8.5,A_D,Monobody HA4/Abl1,SH2 Domain,-3.7
519,3K2M,Phage ELISA,,,D,Y87A, 10.1038/NSMB.1793,4.79,0.221,0.18,1.75,100,8.5,A_D,Monobody HA4/Abl1,SH2 Domain,-4.0
520,3NGB,ELISA,20.0,7.4,H,A56G, 10.1126/SCIENCE.1192819,10.31,0.256,0.19699999999999998,2.68,100,8.5,G_HL,VRC01,HIV-1 gp120,0.06
521,3NGB,ELISA,20.0,7.4,H,G54S, 10.1126/SCIENCE.1192819,10.31,0.256,0.19699999999999998,2.68,100,8.5,G_HL,VRC01,HIV-1 gp120,-0.73
522,3NGB,ELISA,20.0,7.4,H,I30T, 10.1126/SCIENCE.1192819,10.31,0.256,0.19699999999999998,2.68,100,8.5,G_HL,VRC01,HIV-1 gp120,-0.08
523,3NGB,ELISA,20.0,7.4,H,K52N, 10.1126/SCIENCE.1192819,10.31,0.256,0.19699999999999998,2.68,100,8.5,G_HL,VRC01,HIV-1 gp120,-0.18
524,3NGB,ELISA,20.0,7.4,H,P62K, 10.1126/SCIENCE.1192819,10.31,0.256,0.19699999999999998,2.68,100,8.5,G_HL,VRC01,HIV-1 gp120,-0.23
525,3NGB,ELISA,20.0,7.4,H,R53N, 10.1126/SCIENCE.1192819,10.31,0.256,0.19699999999999998,2.68,100,8.5,G_HL,VRC01,HIV-1 gp120,-0.05
526,3NGB,ELISA,20.0,7.4,H,R61Q, 10.1126/SCIENCE.1192819,10.31,0.256,0.19699999999999998,2.68,100,8.5,G_HL,VRC01,HIV-1 gp120,-0.1
527,3NGB,ELISA,20.0,7.4,H,T33Y, 10.1126/SCIENCE.1192819,10.31,0.256,0.19699999999999998,2.68,100,8.5,G_HL,VRC01,HIV-1 gp120,-0.08
528,3NGB,ELISA,20.0,7.4,H,V57T, 10.1126/SCIENCE.1192819,10.31,0.256,0.19699999999999998,2.68,100,8.5,G_HL,VRC01,HIV-1 gp120,-0.14
529,3NGB,ELISA,20.0,7.4,H,V73T, 10.1126/SCIENCE.1192819,10.31,0.256,0.19699999999999998,2.68,100,8.5,G_HL,VRC01,HIV-1 gp120,-0.16
530,3NGB,ELISA,20.0,7.4,H,Y74S, 10.1126/SCIENCE.1192819,10.31,0.256,0.19699999999999998,2.68,100,8.5,G_HL,VRC01,HIV-1 gp120,-0.33
531,3NPS,Enzymatic 2,25.0,,A,D214A, 10.1016/J.JMB.2011.11.036æææ,7.12,0.228,0.19,1.5,100,na,A_BC,MT-SP1,Fab Inhibitor S4,-1.48
532,3NPS,Enzymatic 2,25.0,,A,D46A, 10.1016/J.JMB.2011.11.036æææ,7.12,0.228,0.19,1.5,100,na,A_BC,MT-SP1,Fab Inhibitor S4,-0.34
533,3NPS,Enzymatic 2,25.0,,A,D47A, 10.1016/J.JMB.2011.11.036æææ,7.12,0.228,0.19,1.5,100,na,A_BC,MT-SP1,Fab Inhibitor S4,-1.08
534,3NPS,Enzymatic 2,25.0,,A,D91A, 10.1016/J.JMB.2011.11.036æææ,7.12,0.228,0.19,1.5,100,na,A_BC,MT-SP1,Fab Inhibitor S4,-1.52
535,3NPS,Enzymatic 2,25.0,,A,E163A, 10.1016/J.JMB.2011.11.036æææ,7.12,0.228,0.19,1.5,100,na,A_BC,MT-SP1,Fab Inhibitor S4,-0.62
536,3NPS,Enzymatic 2,25.0,,A,F50A, 10.1016/J.JMB.2011.11.036æææ,7.12,0.228,0.19,1.5,100,na,A_BC,MT-SP1,Fab Inhibitor S4,-0.22
537,3NPS,Enzymatic 2,25.0,,A,F89A, 10.1016/J.JMB.2011.11.036æææ,7.12,0.228,0.19,1.5,100,na,A_BC,MT-SP1,Fab Inhibitor S4,-1.61
538,3NPS,Enzymatic 2,25.0,,A,F92A, 10.1016/J.JMB.2011.11.036æææ,7.12,0.228,0.19,1.5,100,na,A_BC,MT-SP1,Fab Inhibitor S4,-0.47
539,3NPS,Enzymatic 2,25.0,,A,H138A, 10.1016/J.JMB.2011.11.036æææ,7.12,0.228,0.19,1.5,100,na,A_BC,MT-SP1,Fab Inhibitor S4,-1.89
540,3NPS,Enzymatic 2,25.0,,A,I26A, 10.1016/J.JMB.2011.11.036æææ,7.12,0.228,0.19,1.5,100,na,A_BC,MT-SP1,Fab Inhibitor S4,-0.65
541,3NPS,Enzymatic 2,25.0,,A,I45A, 10.1016/J.JMB.2011.11.036æææ,7.12,0.228,0.19,1.5,100,na,A_BC,MT-SP1,Fab Inhibitor S4,0.34
542,3NPS,Enzymatic 2,25.0,,A,K221A, 10.1016/J.JMB.2011.11.036æææ,7.12,0.228,0.19,1.5,100,na,A_BC,MT-SP1,Fab Inhibitor S4,0.1
543,3NPS,Enzymatic 2,25.0,,A,L147A, 10.1016/J.JMB.2011.11.036æææ,7.12,0.228,0.19,1.5,100,na,A_BC,MT-SP1,Fab Inhibitor S4,-0.3
544,3NPS,Enzymatic 2,25.0,,A,N90A, 10.1016/J.JMB.2011.11.036æææ,7.12,0.228,0.19,1.5,100,na,A_BC,MT-SP1,Fab Inhibitor S4,-0.26
545,3NPS,Enzymatic 2,25.0,,A,Q140A, 10.1016/J.JMB.2011.11.036æææ,7.12,0.228,0.19,1.5,100,na,A_BC,MT-SP1,Fab Inhibitor S4,-0.3
546,3NPS,Enzymatic 2,25.0,,A,Q168A, 10.1016/J.JMB.2011.11.036æææ,7.12,0.228,0.19,1.5,100,na,A_BC,MT-SP1,Fab Inhibitor S4,0.06
547,3NPS,Enzymatic 2,25.0,,A,Q169A, 10.1016/J.JMB.2011.11.036æææ,7.12,0.228,0.19,1.5,100,na,A_BC,MT-SP1,Fab Inhibitor S4,-0.75
548,3NPS,Enzymatic 2,25.0,,A,Q218A, 10.1016/J.JMB.2011.11.036æææ,7.12,0.228,0.19,1.5,100,na,A_BC,MT-SP1,Fab Inhibitor S4,0.04
549,3NPS,Enzymatic 2,25.0,,A,Q23A, 10.1016/J.JMB.2011.11.036æææ,7.12,0.228,0.19,1.5,100,na,A_BC,MT-SP1,Fab Inhibitor S4,-0.03
550,3NPS,Enzymatic 2,25.0,,A,R219A, 10.1016/J.JMB.2011.11.036æææ,7.12,0.228,0.19,1.5,100,na,A_BC,MT-SP1,Fab Inhibitor S4,0.08
551,3NPS,Enzymatic 2,25.0,,A,R48A, 10.1016/J.JMB.2011.11.036æææ,7.12,0.228,0.19,1.5,100,na,A_BC,MT-SP1,Fab Inhibitor S4,1.07
552,3NPS,Enzymatic 2,25.0,,A,R51A, 10.1016/J.JMB.2011.11.036æææ,7.12,0.228,0.19,1.5,100,na,A_BC,MT-SP1,Fab Inhibitor S4,-0.14
553,3NPS,Enzymatic 2,25.0,,A,R82A, 10.1016/J.JMB.2011.11.036æææ,7.12,0.228,0.19,1.5,100,na,A_BC,MT-SP1,Fab Inhibitor S4,0.15
554,3NPS,Enzymatic 2,25.0,,A,T144A, 10.1016/J.JMB.2011.11.036æææ,7.12,0.228,0.19,1.5,100,na,A_BC,MT-SP1,Fab Inhibitor S4,-0.18
555,3NPS,Enzymatic 2,25.0,,A,T93A, 10.1016/J.JMB.2011.11.036æææ,7.12,0.228,0.19,1.5,100,na,A_BC,MT-SP1,Fab Inhibitor S4,-0.73
556,3NPS,Enzymatic 2,25.0,,A,Y141A, 10.1016/J.JMB.2011.11.036æææ,7.12,0.228,0.19,1.5,100,na,A_BC,MT-SP1,Fab Inhibitor S4,-1.79
557,3NPS,Enzymatic 2,25.0,,A,Y52A, 10.1016/J.JMB.2011.11.036æææ,7.12,0.228,0.19,1.5,100,na,A_BC,MT-SP1,Fab Inhibitor S4,-0.46
1014,HM_1KTZ,SPR,25.0,7.4,B,D118A,,,,,,,,A_B,TGF-beta type-II R,TGF-beta1,0.8
1015,HM_1KTZ,SPR,25.0,7.4,B,D32A,,,,,,,,A_B,TGF-beta type-II R,TGF-beta1,1.5
1016,HM_1KTZ,SPR,25.0,7.4,B,D32N,,,,,,,,A_B,TGF-beta type-II R,TGF-beta1,2.0
1017,HM_1KTZ,SPR,25.0,7.4,B,E119A,,,,,,,,A_B,TGF-beta type-II R,TGF-beta1,1.5
1018,HM_1KTZ,SPR,25.0,7.4,B,E119Q,,,,,,,,A_B,TGF-beta type-II R,TGF-beta1,1.6
1019,HM_1KTZ,SPR,25.0,7.4,B,E55A,,,,,,,,A_B,TGF-beta type-II R,TGF-beta1,1.2
1020,HM_1KTZ,SPR,25.0,7.4,B,E75A,,,,,,,,A_B,TGF-beta type-II R,TGF-beta1,1.1
1021,HM_1KTZ,SPR,25.0,7.4,B,F110A,,,,,,,,A_B,TGF-beta type-II R,TGF-beta1,0.9
1022,HM_1KTZ,SPR,25.0,7.4,B,F30A,,,,,,,,A_B,TGF-beta type-II R,TGF-beta1,3.0
1023,HM_1KTZ,SPR,25.0,7.4,B,H79A,,,,,,,,A_B,TGF-beta type-II R,TGF-beta1,0.3
1024,HM_1KTZ,SPR,25.0,7.4,B,I125A,,,,,,,,A_B,TGF-beta type-II R,TGF-beta1,0.5
1025,HM_1KTZ,SPR,25.0,7.4,B,I50A,,,,,,,,A_B,TGF-beta type-II R,TGF-beta1,1.9
1026,HM_1KTZ,SPR,25.0,7.4,B,I53A,,,,,,,,A_B,TGF-beta type-II R,TGF-beta1,1.4
1027,HM_1KTZ,SPR,25.0,7.4,B,L27A,,,,,,,,A_B,TGF-beta type-II R,TGF-beta1,1.8
1028,HM_1KTZ,SPR,25.0,7.4,B,M112A,,,,,,,,A_B,TGF-beta type-II R,TGF-beta1,0.9
1029,HM_1KTZ,SPR,25.0,7.4,B,N47A,,,,,,,,A_B,TGF-beta type-II R,TGF-beta1,0.3
1030,HM_1KTZ,SPR,25.0,7.4,B,S49A,,,,,,,,A_B,TGF-beta type-II R,TGF-beta1,0.3
1031,HM_1KTZ,SPR,25.0,7.4,B,S52A,,,,,,,,A_B,TGF-beta type-II R,TGF-beta1,0.2
1032,HM_1KTZ,SPR,25.0,7.4,B,S52L,,,,,,,,A_B,TGF-beta type-II R,TGF-beta1,4.0
1033,HM_1KTZ,SPR,25.0,7.4,B,T51A,,,,,,,,A_B,TGF-beta type-II R,TGF-beta1,1.5
1034,HM_1KTZ,SPR,25.0,7.4,B,V62A,,,,,,,,A_B,TGF-beta type-II R,TGF-beta1,0.7
1035,HM_1KTZ,SPR,25.0,7.4,B,V77A,,,,,,,,A_B,TGF-beta type-II R,TGF-beta1,0.4
1036,HM_1YY9,SPR,25.0,,H,A98W,,,,,,,,A_HL,EGFR,hu225,-0.23
1037,HM_1YY9,SPR,25.0,,H,G33D,,,,,,,,A_HL,EGFR,hu225,-0.89
1038,HM_1YY9,SPR,25.0,,H,I51G,,,,,,,,A_HL,EGFR,hu225,-0.51
1039,HM_1YY9,SPR,25.0,,H,R97D,,,,,,,,A_HL,EGFR,hu225,-0.99
1040,HM_1YY9,SPR,25.0,,H,T100Y,,,,,,,,A_HL,EGFR,hu225,-0.45
1041,HM_1YY9,SPR,25.0,,H,T57G,,,,,,,,A_HL,EGFR,hu225,-0.46
1042,HM_1YY9,SPR,25.0,,H,T57P,,,,,,,,A_HL,EGFR,hu225,-0.48
1043,HM_1YY9,SPR,25.0,,H,V50L,,,,,,,,A_HL,EGFR,hu225,-0.6
1044,HM_1YY9,SPR,25.0,,H,V50Q,,,,,,,,A_HL,EGFR,hu225,-0.64
1045,HM_1YY9,SPR,25.0,,H,Y32R,,,,,,,,A_HL,EGFR,hu225,-0.13
1046,HM_1YY9,SPR,25.0,,L,A25V,,,,,,,,A_HL,EGFR,hu225,-0.62
1047,HM_1YY9,SPR,25.0,,L,G30Y,,,,,,,,A_HL,EGFR,hu225,-0.92
1048,HM_1YY9,SPR,25.0,,L,Q27Y,,,,,,,,A_HL,EGFR,hu225,-0.83
1049,HM_1YY9,SPR,25.0,,L,T97C,,,,,,,,A_HL,EGFR,hu225,-0.51
1050,HM_1YY9,SPR,25.0,,L,T97D,,,,,,,,A_HL,EGFR,hu225,-0.66
1051,HM_1YY9,SPR,25.0,,L,T97S,,,,,,,,A_HL,EGFR,hu225,-0.7
1052,HM_2NYY,KinExA,23.0,7.4,A,D1062A,,,,,,,,A_HL,Bont/A2,mAb CR1,-0.14
1053,HM_2NYY,KinExA,23.0,7.4,A,D902A,,,,,,,,A_HL,Bont/A2,mAb CR1,-0.49
1054,HM_2NYY,KinExA,23.0,7.4,A,E920A,,,,,,,,A_HL,Bont/A2,mAb CR1,0.5
1055,HM_2NYY,KinExA,23.0,7.4,A,F953A,,,,,,,,A_HL,Bont/A2,mAb CR1,1.53
1056,HM_2NYY,KinExA,23.0,7.4,A,I917A,,,,,,,,A_HL,Bont/A2,mAb CR1,0.95
1057,HM_2NYY,KinExA,23.0,7.4,A,K915A,,,,,,,,A_HL,Bont/A2,mAb CR1,-0.31
1058,HM_2NYY,KinExA,23.0,7.4,A,K955A,,,,,,,,A_HL,Bont/A2,mAb CR1,-0.5
1059,HM_2NYY,KinExA,23.0,7.4,A,L919A,,,,,,,,A_HL,Bont/A2,mAb CR1,0.41
1060,HM_2NYY,KinExA,23.0,7.4,A,N918A,,,,,,,,A_HL,Bont/A2,mAb CR1,0.3
1061,HM_2NYY,KinExA,23.0,7.4,A,N957A,,,,,,,,A_HL,Bont/A2,mAb CR1,0.01
1062,HM_2NYY,KinExA,23.0,7.4,A,P1063A,,,,,,,,A_HL,Bont/A2,mAb CR1,0.24
1063,HM_2NYY,KinExA,23.0,7.4,A,R1061A,,,,,,,,A_HL,Bont/A2,mAb CR1,0.58
1064,HM_2NYY,KinExA,23.0,7.4,A,R1064A,,,,,,,,A_HL,Bont/A2,mAb CR1,4.44
1065,HM_2NYY,KinExA,23.0,7.4,A,R903A,,,,,,,,A_HL,Bont/A2,mAb CR1,-0.02
1066,HM_2NYY,KinExA,23.0,7.4,A,S954A,,,,,,,,A_HL,Bont/A2,mAb CR1,-0.66
1067,HM_2NYY,KinExA,23.0,7.4,A,T923A,,,,,,,,A_HL,Bont/A2,mAb CR1,0.62
1068,HM_2NYY,KinExA,23.0,7.4,H,K30R,,,,,,,,A_HL,Bont/A2,mAb CR1,0.51
1069,HM_2NYY,KinExA,23.0,7.4,H,M34Q,,,,,,,,A_HL,Bont/A2,mAb CR1,-0.01
1070,HM_2NYY,KinExA,23.0,7.4,H,Y31D,,,,,,,,A_HL,Bont/A2,mAb CR1,0.97
1071,HM_2NYY,KinExA,23.0,7.4,H,Y31Q,,,,,,,,A_HL,Bont/A2,mAb CR1,1.33
1072,HM_2NYY,KinExA,23.0,7.4,H,Y57Q,,,,,,,,A_HL,Bont/A2,mAb CR1,1.19
1073,HM_2NYY,KinExA,23.0,7.4,L,D30Y,,,,,,,,A_HL,Bont/A2,mAb CR1,0.6
1074,HM_2NYY,KinExA,23.0,7.4,L,H34R,,,,,,,,A_HL,Bont/A2,mAb CR1,0.63
1075,HM_2NYY,KinExA,23.0,7.4,L,S28Q,,,,,,,,A_HL,Bont/A2,mAb CR1,0.7
1076,HM_2NYY,KinExA,23.0,7.4,L,S31N,,,,,,,,A_HL,Bont/A2,mAb CR1,1.2
1077,HM_2NZ9,KinExA,23.0,7.4,A,D1062A,,,,,,,,A_HL,Bont/A2,mAb AR2,-0.14
1078,HM_2NZ9,KinExA,23.0,7.4,A,D902A,,,,,,,,A_HL,Bont/A2,mAb AR2,-0.49
1079,HM_2NZ9,KinExA,23.0,7.4,A,E920A,,,,,,,,A_HL,Bont/A2,mAb AR2,0.5
1080,HM_2NZ9,KinExA,23.0,7.4,A,F953A,,,,,,,,A_HL,Bont/A2,mAb AR2,1.53
1081,HM_2NZ9,KinExA,23.0,7.4,A,I917A,,,,,,,,A_HL,Bont/A2,mAb AR2,0.95
1082,HM_2NZ9,KinExA,23.0,7.4,A,K915A,,,,,,,,A_HL,Bont/A2,mAb AR2,-0.31
1083,HM_2NZ9,KinExA,23.0,7.4,A,K955A,,,,,,,,A_HL,Bont/A2,mAb AR2,-0.5
1084,HM_2NZ9,KinExA,23.0,7.4,A,L919A,,,,,,,,A_HL,Bont/A2,mAb AR2,0.41
1085,HM_2NZ9,KinExA,23.0,7.4,A,N918A,,,,,,,,A_HL,Bont/A2,mAb AR2,0.3
1086,HM_2NZ9,KinExA,23.0,7.4,A,N957A,,,,,,,,A_HL,Bont/A2,mAb AR2,0.01
1087,HM_2NZ9,KinExA,23.0,7.4,A,P1063A,,,,,,,,A_HL,Bont/A2,mAb AR2,0.24
1088,HM_2NZ9,KinExA,23.0,7.4,A,R1061A,,,,,,,,A_HL,Bont/A2,mAb AR2,0.58
1089,HM_2NZ9,KinExA,23.0,7.4,A,R1064A,,,,,,,,A_HL,Bont/A2,mAb AR2,4.44
1090,HM_2NZ9,KinExA,23.0,7.4,A,R903A,,,,,,,,A_HL,Bont/A2,mAb AR2,-0.02
1091,HM_2NZ9,KinExA,23.0,7.4,A,S954A,,,,,,,,A_HL,Bont/A2,mAb AR2,-0.66
1092,HM_2NZ9,KinExA,23.0,7.4,A,T923A,,,,,,,,A_HL,Bont/A2,mAb AR2,0.62
1093,HM_3BN9,Enzymatic 2,25.0,8.5,H,P100H,,,,,,,,A_HL,Epithin,Fab Inhibitor E2,1.36
1094,HM_3BN9,Enzymatic 2,25.0,8.5,H,Q100aV,,,,,,,,A_HL,Epithin,Fab Inhibitor E2,0.41
1095,HM_3BN9,Enzymatic 2,25.0,8.5,H,S30G,,,,,,,,A_HL,Epithin,Fab Inhibitor E2,0.71
1096,HM_3BN9,Enzymatic 2,25.0,8.5,H,S30N,,,,,,,,A_HL,Epithin,Fab Inhibitor E2,0.71
1097,HM_3BN9,Enzymatic 2,25.0,8.5,H,T28R,,,,,,,,A_HL,Epithin,Fab Inhibitor E2,-0.24
1098,HM_3BN9,Enzymatic 2,25.0,8.5,H,T98Q,,,,,,,,A_HL,Epithin,Fab Inhibitor E2,-0.16
1099,HM_3BN9,Enzymatic 2,25.0,8.5,H,T98R,,,,,,,,A_HL,Epithin,Fab Inhibitor E2,-1.57
1100,HM_3BN9,Enzymatic 2,25.0,8.5,H,Y99S,,,,,,,,A_HL,Epithin,Fab Inhibitor E2,0.54
