,clash_change,covalent_change,vdw_clash_change,vdw_change,proximal_change,hbond_change,weak_hbond_change,xbond_change,ionic_change,metal_complex_change,aromatic_change,hydrophobic_change,carbonyl_change,polar_change,weak_polar_change
3bdy.protein.H31G.Repair4.clean.pdb,0.0,0.0,1.0,-1.0,6.0,0.0,0.0,0.0,0.0,0.0,0.0,0.0,0.0,0.0,0.0
3bdy.protein.H31K.Repair4.clean.pdb,0.0,0.0,0.0,-1.0,-3.0,0.0,1.0,0.0,0.0,0.0,0.0,1.0,0.0,0.0,0.0
3bdy.protein.H31Q.Repair4.clean.pdb,0.0,0.0,1.0,-1.0,-7.0,0.0,0.0,0.0,0.0,0.0,0.0,-1.0,0.0,0.0,-1.0
3bdy.protein.H31R.Repair4.clean.pdb,0.0,0.0,1.0,-1.0,-1.0,0.0,1.0,0.0,0.0,0.0,0.0,0.0,0.0,0.0,0.0
3bdy.protein.H31S.Repair4.clean.pdb,0.0,0.0,0.0,-1.0,1.0,0.0,0.0,0.0,0.0,0.0,0.0,1.0,0.0,0.0,0.0
3bdy.protein.H33M.Repair4.clean.pdb,0.0,0.0,-1.0,0.0,-1.0,0.0,0.0,0.0,0.0,0.0,0.0,-1.0,0.0,-1.0,-1.0
3bdy.protein.H33R.Repair4.clean.pdb,0.0,0.0,-1.0,1.0,0.0,0.0,0.0,0.0,0.0,0.0,0.0,0.0,0.0,-1.0,0.0
3bdy.protein.H33W.Repair4.clean.pdb,0.0,0.0,1.0,-1.0,10.0,0.0,0.0,0.0,0.0,0.0,10.0,0.0,0.0,1.0,1.0
3bdy.protein.H52R.Repair4.clean.pdb,0.0,0.0,1.0,0.0,-13.0,0.0,0.0,0.0,0.0,0.0,-2.0,-1.0,0.0,0.0,0.0
3bdy.protein.H52W.Repair4.clean.pdb,0.0,0.0,0.0,1.0,-11.0,0.0,1.0,0.0,0.0,0.0,-1.0,0.0,0.0,-1.0,0.0
3bdy.protein.H53K.Repair4.clean.pdb,0.0,0.0,-1.0,3.0,-4.0,0.0,0.0,0.0,0.0,0.0,1.0,0.0,0.0,0.0,0.0
3bdy.protein.H53R.Repair4.clean.pdb,0.0,0.0,1.0,-1.0,-13.0,0.0,0.0,0.0,0.0,0.0,-1.0,-1.0,0.0,0.0,-1.0
3bdy.protein.H98A.Repair4.clean.pdb,0.0,0.0,0.0,0.0,4.0,0.0,0.0,0.0,0.0,0.0,0.0,0.0,0.0,0.0,0.0
3bdy.protein.H98F.Repair4.clean.pdb,0.0,0.0,1.0,-1.0,5.0,0.0,-1.0,0.0,0.0,0.0,0.0,4.0,0.0,0.0,-1.0
3bdy.protein.H98G.Repair4.clean.pdb,0.0,0.0,-1.0,2.0,1.0,0.0,0.0,0.0,0.0,0.0,0.0,0.0,0.0,0.0,0.0
3bdy.protein.H98H.Repair4.clean.pdb,0.0,0.0,-1.0,3.0,-4.0,0.0,-1.0,0.0,0.0,0.0,0.0,0.0,0.0,-1.0,0.0
3bdy.protein.H98I.Repair4.clean.pdb,0.0,0.0,-1.0,2.0,-1.0,0.0,0.0,0.0,0.0,0.0,0.0,0.0,0.0,0.0,0.0
3bdy.protein.H98K.Repair4.clean.pdb,0.0,0.0,0.0,0.0,6.0,0.0,1.0,0.0,0.0,0.0,0.0,0.0,0.0,0.0,0.0
3bdy.protein.H98L.Repair4.clean.pdb,0.0,0.0,0.0,0.0,3.0,0.0,0.0,0.0,0.0,0.0,0.0,0.0,0.0,0.0,0.0
3bdy.protein.H98M.Repair4.clean.pdb,0.0,0.0,-1.0,2.0,6.0,0.0,0.0,0.0,0.0,0.0,0.0,2.0,0.0,0.0,0.0
3bdy.protein.H98N.Repair4.clean.pdb,0.0,0.0,0.0,0.0,2.0,0.0,0.0,0.0,0.0,0.0,0.0,0.0,0.0,0.0,0.0
3bdy.protein.H98Q.Repair4.clean.pdb,0.0,0.0,0.0,1.0,-1.0,0.0,0.0,0.0,0.0,0.0,0.0,-1.0,0.0,0.0,0.0
3bdy.protein.H98R.Repair4.clean.pdb,0.0,0.0,2.0,0.0,8.0,1.0,0.0,0.0,0.0,0.0,0.0,-1.0,0.0,1.0,0.0
3bdy.protein.H98S.Repair4.clean.pdb,0.0,0.0,1.0,-1.0,-3.0,0.0,1.0,0.0,0.0,0.0,0.0,0.0,0.0,0.0,0.0
3bdy.protein.H98T.Repair4.clean.pdb,0.0,0.0,0.0,1.0,1.0,0.0,0.0,0.0,0.0,0.0,0.0,0.0,0.0,0.0,0.0
3bdy.protein.H98V.Repair4.clean.pdb,0.0,0.0,-1.0,2.0,1.0,0.0,0.0,0.0,0.0,0.0,0.0,0.0,0.0,0.0,0.0
3bdy.protein.H98W.Repair4.clean.pdb,0.0,0.0,-1.0,4.0,35.0,0.0,0.0,0.0,0.0,0.0,0.0,10.0,0.0,0.0,0.0
3bdy.protein.H98Y.Repair4.clean.pdb,0.0,0.0,1.0,2.0,12.0,0.0,1.0,0.0,0.0,0.0,4.0,1.0,0.0,-1.0,2.0
3bdy.protein.H99D.Repair4.clean.pdb,0.0,0.0,-2.0,1.0,1.0,1.0,0.0,0.0,0.0,0.0,0.0,-1.0,0.0,0.0,1.0
3bdy.protein.H99F.Repair4.clean.pdb,0.0,0.0,-2.0,-1.0,2.0,1.0,0.0,0.0,0.0,0.0,0.0,-1.0,0.0,0.0,1.0
3bdy.protein.H99H.Repair4.clean.pdb,0.0,0.0,2.0,2.0,9.0,-1.0,1.0,0.0,0.0,0.0,0.0,1.0,0.0,0.0,-1.0
3bdy.protein.H99M.Repair4.clean.pdb,0.0,0.0,-1.0,1.0,19.0,0.0,2.0,0.0,0.0,0.0,0.0,2.0,0.0,0.0,0.0
3bdy.protein.H99Q.Repair4.clean.pdb,0.0,0.0,0.0,1.0,18.0,0.0,0.0,0.0,0.0,0.0,0.0,-1.0,0.0,0.0,1.0
3bdy.protein.H99R.Repair4.clean.pdb,0.0,0.0,0.0,2.0,13.0,0.0,0.0,0.0,0.0,0.0,0.0,0.0,0.0,0.0,0.0
3bdy.protein.L53W.Repair4.clean.pdb,0.0,0.0,0.0,1.0,1.0,0.0,0.0,0.0,0.0,0.0,0.0,2.0,0.0,0.0,0.0
3bdy.protein.L93E.Repair4.clean.pdb,0.0,0.0,2.0,1.0,-4.0,1.0,-1.0,0.0,1.0,0.0,1.0,1.0,0.0,1.0,1.0
3bdy.protein.L93Q.Repair4.clean.pdb,0.0,0.0,0.0,2.0,4.0,0.0,0.0,0.0,0.0,0.0,5.0,0.0,0.0,-1.0,0.0
