,clash,covalent,vdw_clash,vdw,proximal,hbond,weak_hbond,xbond,ionic,metal_complex,aromatic,hydrophobic,carbonyl,polar,weak_polar
1AK4.mut.0_Repair.clean.pdb,0.0,0.0,10.0,3.0,292.0,8.0,2.0,0.0,0.0,0.0,0.0,29.0,0.0,8.0,4.0
1AK4.mut.1_Repair.clean.pdb,0.0,0.0,12.0,6.0,333.0,7.0,4.0,0.0,0.0,0.0,0.0,34.0,0.0,7.0,7.0
1AK4.mut.2_Repair.clean.pdb,0.0,0.0,9.0,4.0,298.0,7.0,3.0,0.0,0.0,0.0,0.0,25.0,0.0,7.0,4.0
1AK4.mut.3_Repair.clean.pdb,0.0,0.0,9.0,6.0,309.0,7.0,3.0,0.0,0.0,0.0,0.0,37.0,0.0,7.0,4.0
1AK4.mut.4_Repair.clean.pdb,0.0,0.0,9.0,7.0,301.0,7.0,3.0,0.0,0.0,0.0,0.0,30.0,0.0,7.0,4.0
1AK4.mut.5_Repair.clean.pdb,0.0,0.0,10.0,6.0,325.0,8.0,3.0,0.0,0.0,0.0,0.0,30.0,0.0,8.0,4.0
1AK4.mut.6_Repair.clean.pdb,0.0,0.0,8.0,1.0,285.0,6.0,4.0,0.0,0.0,0.0,0.0,30.0,0.0,6.0,2.0
1AK4.mut.7_Repair.clean.pdb,0.0,0.0,9.0,1.0,305.0,7.0,4.0,0.0,0.0,0.0,0.0,32.0,0.0,7.0,3.0
1AK4.mut.8_Repair.clean.pdb,0.0,0.0,11.0,2.0,312.0,7.0,4.0,0.0,0.0,0.0,0.0,32.0,0.0,8.0,3.0
1AK4.mut.9_Repair.clean.pdb,0.0,0.0,9.0,4.0,304.0,7.0,3.0,0.0,0.0,0.0,0.0,30.0,0.0,7.0,4.0
1AK4.mut.10_Repair.clean.pdb,0.0,0.0,9.0,4.0,304.0,7.0,3.0,0.0,0.0,0.0,0.0,30.0,0.0,7.0,4.0
1AK4.mut.11_Repair.clean.pdb,0.0,0.0,10.0,4.0,315.0,8.0,3.0,0.0,0.0,0.0,0.0,31.0,0.0,8.0,4.0
1AK4.mut.12_Repair.clean.pdb,0.0,0.0,9.0,4.0,268.0,7.0,3.0,0.0,0.0,0.0,0.0,19.0,0.0,7.0,6.0
1AK4.mut.13_Repair.clean.pdb,0.0,0.0,13.0,9.0,296.0,7.0,4.0,0.0,0.0,0.0,0.0,39.0,0.0,7.0,7.0
1AK4.mut.14_Repair.clean.pdb,0.0,0.0,8.0,4.0,288.0,7.0,3.0,0.0,0.0,0.0,0.0,27.0,0.0,7.0,4.0
1AK4.mut.15_Repair.clean.pdb,0.0,0.0,11.0,2.0,311.0,8.0,3.0,0.0,0.0,0.0,0.0,29.0,0.0,8.0,4.0
1BJ1.mut.16_Repair.clean.pdb,0.0,0.0,23.0,9.0,757.0,13.0,11.0,0.0,0.0,0.0,15.0,30.0,1.0,14.0,11.0
1BJ1.mut.17_Repair.clean.pdb,0.0,0.0,20.0,9.0,762.0,13.0,11.0,0.0,0.0,0.0,15.0,29.0,1.0,14.0,8.0
1BJ1.mut.18_Repair.clean.pdb,0.0,0.0,19.0,9.0,757.0,13.0,11.0,0.0,0.0,0.0,15.0,30.0,1.0,14.0,9.0
1BJ1.mut.19_Repair.clean.pdb,0.0,0.0,24.0,13.0,758.0,13.0,12.0,0.0,0.0,0.0,14.0,40.0,1.0,14.0,11.0
1BJ1.mut.20_Repair.clean.pdb,0.0,0.0,21.0,9.0,768.0,11.0,11.0,0.0,0.0,0.0,10.0,33.0,1.0,12.0,11.0
1BJ1.mut.21_Repair.clean.pdb,0.0,0.0,20.0,9.0,768.0,12.0,11.0,0.0,0.0,0.0,15.0,30.0,1.0,13.0,9.0
1BJ1.mut.22_Repair.clean.pdb,0.0,0.0,17.0,6.0,699.0,11.0,9.0,0.0,0.0,0.0,0.0,29.0,1.0,14.0,9.0
1BJ1.mut.23_Repair.clean.pdb,0.0,0.0,20.0,7.0,770.0,13.0,10.0,0.0,0.0,0.0,12.0,30.0,1.0,14.0,9.0
1BJ1.mut.24_Repair.clean.pdb,0.0,0.0,23.0,10.0,755.0,13.0,11.0,0.0,0.0,0.0,15.0,25.0,1.0,14.0,12.0
1BJ1.mut.25_Repair.clean.pdb,0.0,0.0,23.0,8.0,746.0,13.0,11.0,0.0,0.0,0.0,15.0,25.0,1.0,14.0,12.0
1BJ1.mut.26_Repair.clean.pdb,0.0,0.0,23.0,9.0,754.0,13.0,11.0,0.0,0.0,0.0,15.0,25.0,1.0,14.0,11.0
1BJ1.mut.27_Repair.clean.pdb,0.0,0.0,20.0,9.0,740.0,13.0,11.0,0.0,0.0,0.0,15.0,29.0,1.0,14.0,9.0
1BJ1.mut.28_Repair.clean.pdb,0.0,0.0,21.0,9.0,738.0,14.0,12.0,0.0,0.0,0.0,15.0,21.0,1.0,14.0,10.0
1BJ1.mut.29_Repair.clean.pdb,0.0,0.0,20.0,9.0,764.0,12.0,11.0,0.0,0.0,0.0,15.0,28.0,1.0,14.0,9.0
1BJ1.mut.30_Repair.clean.pdb,0.0,0.0,20.0,8.0,764.0,13.0,11.0,0.0,0.0,0.0,15.0,30.0,1.0,14.0,9.0
1BJ1.mut.31_Repair.clean.pdb,0.0,0.0,20.0,10.0,736.0,13.0,11.0,0.0,0.0,0.0,15.0,26.0,1.0,14.0,10.0
1BJ1.mut.32_Repair.clean.pdb,0.0,0.0,17.0,9.0,685.0,12.0,10.0,0.0,0.0,0.0,9.0,32.0,1.0,14.0,13.0
1BJ1.mut.33_Repair.clean.pdb,0.0,0.0,15.0,9.0,714.0,11.0,9.0,0.0,0.0,0.0,15.0,28.0,1.0,12.0,8.0
1BJ1.mut.34_Repair.clean.pdb,0.0,0.0,16.0,9.0,725.0,12.0,10.0,0.0,0.0,0.0,15.0,29.0,1.0,13.0,9.0
1CZ8.mut.35_Repair.clean.pdb,0.0,0.0,32.0,17.0,830.0,15.0,12.0,0.0,0.0,0.0,16.0,34.0,1.0,19.0,22.0
1CZ8.mut.36_Repair.clean.pdb,0.0,0.0,31.0,20.0,838.0,15.0,12.0,0.0,0.0,0.0,20.0,37.0,1.0,19.0,25.0
1CZ8.mut.37_Repair.clean.pdb,0.0,0.0,31.0,16.0,799.0,14.0,12.0,0.0,0.0,0.0,19.0,32.0,1.0,18.0,23.0
1CZ8.mut.38_Repair.clean.pdb,0.0,0.0,35.0,20.0,864.0,15.0,13.0,0.0,0.0,0.0,20.0,47.0,1.0,19.0,26.0
1CZ8.mut.39_Repair.clean.pdb,0.0,0.0,38.0,17.0,839.0,15.0,13.0,0.0,0.0,0.0,18.0,45.0,1.0,21.0,25.0
1CZ8.mut.40_Repair.clean.pdb,0.0,0.0,35.0,16.0,838.0,14.0,12.0,0.0,0.0,0.0,20.0,37.0,1.0,18.0,24.0
1CZ8.mut.41_Repair.clean.pdb,0.0,0.0,28.0,16.0,772.0,14.0,11.0,0.0,0.0,0.0,4.0,36.0,1.0,17.0,20.0
1CZ8.mut.42_Repair.clean.pdb,0.0,0.0,29.0,21.0,828.0,15.0,11.0,0.0,0.0,0.0,21.0,34.0,1.0,19.0,23.0
1CZ8.mut.43_Repair.clean.pdb,0.0,0.0,31.0,19.0,843.0,15.0,11.0,0.0,0.0,0.0,20.0,35.0,1.0,19.0,25.0
1CZ8.mut.44_Repair.clean.pdb,0.0,0.0,29.0,17.0,809.0,14.0,13.0,0.0,0.0,0.0,24.0,31.0,1.0,19.0,23.0
1CZ8.mut.45_Repair.clean.pdb,0.0,0.0,28.0,21.0,815.0,14.0,11.0,0.0,0.0,0.0,19.0,35.0,1.0,18.0,23.0
1CZ8.mut.46_Repair.clean.pdb,0.0,0.0,32.0,18.0,825.0,15.0,10.0,0.0,0.0,0.0,20.0,34.0,1.0,20.0,25.0
1CZ8.mut.47_Repair.clean.pdb,0.0,0.0,29.0,18.0,807.0,15.0,12.0,0.0,0.0,0.0,20.0,29.0,1.0,19.0,24.0
1CZ8.mut.48_Repair.clean.pdb,0.0,0.0,31.0,18.0,818.0,14.0,10.0,0.0,0.0,0.0,20.0,34.0,1.0,19.0,25.0
1CZ8.mut.49_Repair.clean.pdb,0.0,0.0,30.0,18.0,836.0,14.0,11.0,0.0,0.0,0.0,20.0,34.0,1.0,18.0,25.0
1CZ8.mut.50_Repair.clean.pdb,0.0,0.0,32.0,16.0,826.0,15.0,13.0,0.0,0.0,0.0,20.0,33.0,1.0,18.0,25.0
1CZ8.mut.51_Repair.clean.pdb,0.0,0.0,24.0,19.0,740.0,12.0,10.0,0.0,0.0,0.0,19.0,37.0,1.0,16.0,23.0
1CZ8.mut.52_Repair.clean.pdb,0.0,0.0,31.0,16.0,788.0,14.0,9.0,0.0,0.0,0.0,19.0,33.0,1.0,18.0,23.0
1CZ8.mut.53_Repair.clean.pdb,0.0,0.0,30.0,19.0,817.0,15.0,10.0,0.0,0.0,0.0,19.0,34.0,1.0,19.0,22.0
1DQJ.mut.54_Repair.clean.pdb,0.0,0.0,17.0,9.0,473.0,11.0,8.0,0.0,1.0,0.0,3.0,22.0,0.0,16.0,16.0
1DQJ.mut.55_Repair.clean.pdb,0.0,0.0,19.0,11.0,514.0,10.0,8.0,0.0,1.0,0.0,4.0,24.0,0.0,16.0,17.0
1DQJ.mut.56_Repair.clean.pdb,0.0,0.0,19.0,13.0,476.0,12.0,6.0,0.0,0.0,0.0,5.0,22.0,0.0,17.0,19.0
1DQJ.mut.57_Repair.clean.pdb,0.0,0.0,21.0,13.0,491.0,12.0,7.0,0.0,1.0,0.0,3.0,20.0,0.0,19.0,19.0
1DQJ.mut.58_Repair.clean.pdb,0.0,0.0,20.0,12.0,512.0,12.0,7.0,0.0,1.0,0.0,4.0,27.0,0.0,17.0,20.0
1DQJ.mut.59_Repair.clean.pdb,0.0,0.0,20.0,16.0,465.0,12.0,8.0,0.0,1.0,0.0,5.0,29.0,0.0,17.0,21.0
1DQJ.mut.60_Repair.clean.pdb,0.0,0.0,22.0,12.0,510.0,12.0,8.0,0.0,1.0,0.0,5.0,33.0,0.0,19.0,17.0
1DQJ.mut.61_Repair.clean.pdb,0.0,0.0,20.0,13.0,523.0,13.0,7.0,0.0,1.0,0.0,5.0,28.0,0.0,18.0,21.0
1DQJ.mut.62_Repair.clean.pdb,0.0,0.0,21.0,11.0,510.0,12.0,7.0,0.0,1.0,0.0,3.0,22.0,0.0,19.0,19.0
1DQJ.mut.63_Repair.clean.pdb,0.0,0.0,22.0,11.0,500.0,12.0,6.0,0.0,1.0,0.0,2.0,24.0,0.0,18.0,19.0
1DQJ.mut.64_Repair.clean.pdb,0.0,0.0,23.0,10.0,497.0,13.0,5.0,0.0,1.0,0.0,4.0,27.0,0.0,19.0,20.0
1DQJ.mut.65_Repair.clean.pdb,0.0,0.0,21.0,13.0,511.0,11.0,7.0,0.0,0.0,0.0,3.0,24.0,0.0,18.0,20.0
1DQJ.mut.66_Repair.clean.pdb,0.0,0.0,19.0,13.0,485.0,13.0,5.0,0.0,1.0,0.0,5.0,21.0,0.0,18.0,20.0
1DQJ.mut.67_Repair.clean.pdb,0.0,0.0,20.0,11.0,462.0,12.0,4.0,0.0,1.0,0.0,5.0,26.0,0.0,18.0,18.0
1DQJ.mut.68_Repair.clean.pdb,0.0,0.0,20.0,15.0,503.0,11.0,6.0,0.0,1.0,0.0,5.0,32.0,0.0,15.0,19.0
1DQJ.mut.69_Repair.clean.pdb,0.0,0.0,20.0,9.0,471.0,12.0,7.0,0.0,1.0,0.0,0.0,16.0,0.0,19.0,17.0
1DQJ.mut.70_Repair.clean.pdb,0.0,0.0,23.0,10.0,525.0,12.0,7.0,0.0,1.0,0.0,4.0,27.0,0.0,18.0,21.0
1DQJ.mut.71_Repair.clean.pdb,0.0,0.0,23.0,10.0,523.0,13.0,8.0,0.0,1.0,0.0,4.0,27.0,0.0,18.0,18.0
1DQJ.mut.72_Repair.clean.pdb,0.0,0.0,21.0,12.0,531.0,13.0,7.0,0.0,1.0,0.0,5.0,30.0,0.0,18.0,21.0
1DQJ.mut.73_Repair.clean.pdb,0.0,0.0,21.0,11.0,498.0,13.0,7.0,0.0,1.0,0.0,5.0,27.0,0.0,18.0,19.0
1DQJ.mut.74_Repair.clean.pdb,0.0,0.0,25.0,12.0,507.0,14.0,7.0,0.0,1.0,0.0,5.0,30.0,0.0,18.0,21.0
1DVF.mut.75_Repair.clean.pdb,0.0,0.0,18.0,5.0,472.0,12.0,6.0,0.0,9.0,0.0,3.0,15.0,1.0,16.0,8.0
1DVF.mut.76_Repair.clean.pdb,0.0,0.0,18.0,7.0,474.0,12.0,6.0,0.0,10.0,0.0,3.0,15.0,1.0,16.0,8.0
1DVF.mut.77_Repair.clean.pdb,0.0,0.0,17.0,2.0,455.0,13.0,5.0,0.0,7.0,0.0,3.0,15.0,1.0,17.0,4.0
1DVF.mut.78_Repair.clean.pdb,0.0,0.0,14.0,3.0,444.0,10.0,7.0,0.0,4.0,0.0,3.0,15.0,1.0,13.0,7.0
1DVF.mut.79_Repair.clean.pdb,0.0,0.0,14.0,6.0,465.0,11.0,6.0,0.0,6.0,0.0,3.0,15.0,1.0,14.0,8.0
1DVF.mut.80_Repair.clean.pdb,0.0,0.0,14.0,6.0,465.0,11.0,6.0,0.0,6.0,0.0,3.0,15.0,1.0,14.0,8.0
1DVF.mut.81_Repair.clean.pdb,0.0,0.0,13.0,5.0,461.0,9.0,5.0,0.0,4.0,0.0,3.0,15.0,1.0,14.0,5.0
1DVF.mut.82_Repair.clean.pdb,0.0,0.0,14.0,4.0,458.0,12.0,5.0,0.0,1.0,0.0,3.0,15.0,1.0,13.0,8.0
1DVF.mut.83_Repair.clean.pdb,0.0,0.0,20.0,8.0,443.0,14.0,6.0,0.0,10.0,0.0,3.0,13.0,1.0,17.0,8.0
1DVF.mut.84_Repair.clean.pdb,0.0,0.0,19.0,6.0,473.0,11.0,6.0,0.0,10.0,0.0,5.0,16.0,1.0,15.0,9.0
1DVF.mut.85_Repair.clean.pdb,0.0,0.0,16.0,5.0,463.0,11.0,6.0,0.0,7.0,0.0,4.0,15.0,1.0,15.0,10.0
1DVF.mut.86_Repair.clean.pdb,0.0,0.0,17.0,7.0,457.0,12.0,6.0,0.0,10.0,0.0,3.0,15.0,1.0,16.0,9.0
1DVF.mut.87_Repair.clean.pdb,0.0,0.0,16.0,5.0,455.0,9.0,5.0,0.0,4.0,0.0,3.0,15.0,1.0,13.0,8.0
1DVF.mut.88_Repair.clean.pdb,0.0,0.0,18.0,5.0,468.0,12.0,4.0,0.0,10.0,0.0,3.0,16.0,0.0,16.0,6.0
1DVF.mut.89_Repair.clean.pdb,0.0,0.0,17.0,6.0,395.0,12.0,6.0,0.0,8.0,0.0,0.0,6.0,1.0,15.0,8.0
1DVF.mut.90_Repair.clean.pdb,0.0,0.0,16.0,3.0,469.0,11.0,6.0,0.0,9.0,0.0,3.0,15.0,1.0,15.0,5.0
1DVF.mut.91_Repair.clean.pdb,0.0,0.0,17.0,4.0,458.0,11.0,5.0,0.0,5.0,0.0,3.0,15.0,1.0,15.0,8.0
1DVF.mut.92_Repair.clean.pdb,0.0,0.0,17.0,7.0,464.0,12.0,6.0,0.0,10.0,0.0,3.0,15.0,1.0,15.0,8.0
1DVF.mut.93_Repair.clean.pdb,0.0,0.0,18.0,6.0,479.0,12.0,5.0,0.0,9.0,0.0,3.0,15.0,1.0,16.0,8.0
1DVF.mut.94_Repair.clean.pdb,0.0,0.0,16.0,4.0,470.0,12.0,5.0,0.0,3.0,0.0,3.0,15.0,1.0,13.0,8.0
1DVF.mut.95_Repair.clean.pdb,0.0,0.0,18.0,4.0,466.0,12.0,3.0,0.0,9.0,0.0,3.0,13.0,1.0,16.0,7.0
1DVF.mut.96_Repair.clean.pdb,0.0,0.0,14.0,5.0,469.0,11.0,5.0,0.0,7.0,0.0,3.0,15.0,1.0,15.0,8.0
1DVF.mut.97_Repair.clean.pdb,0.0,0.0,19.0,6.0,478.0,12.0,5.0,0.0,8.0,0.0,3.0,15.0,1.0,15.0,8.0
1DVF.mut.98_Repair.clean.pdb,0.0,0.0,15.0,7.0,440.0,11.0,6.0,0.0,10.0,0.0,3.0,12.0,1.0,16.0,8.0
1DVF.mut.99_Repair.clean.pdb,0.0,0.0,16.0,6.0,434.0,11.0,5.0,0.0,10.0,0.0,3.0,15.0,1.0,15.0,6.0
1DVF.mut.100_Repair.clean.pdb,0.0,0.0,17.0,5.0,383.0,11.0,4.0,0.0,8.0,0.0,0.0,9.0,1.0,15.0,8.0
1FFW.mut.101_Repair.clean.pdb,0.0,0.0,9.0,4.0,253.0,5.0,5.0,0.0,1.0,0.0,2.0,24.0,0.0,7.0,6.0
1FFW.mut.102_Repair.clean.pdb,0.0,0.0,11.0,3.0,254.0,5.0,5.0,0.0,0.0,0.0,2.0,25.0,0.0,7.0,6.0
1FFW.mut.103_Repair.clean.pdb,0.0,0.0,9.0,4.0,244.0,5.0,4.0,0.0,1.0,0.0,2.0,24.0,0.0,7.0,6.0
1FFW.mut.104_Repair.clean.pdb,0.0,0.0,9.0,4.0,244.0,5.0,4.0,0.0,0.0,0.0,2.0,23.0,0.0,7.0,5.0
1FFW.mut.105_Repair.clean.pdb,0.0,0.0,9.0,4.0,245.0,5.0,5.0,0.0,1.0,0.0,2.0,24.0,0.0,7.0,6.0
1FFW.mut.106_Repair.clean.pdb,0.0,0.0,10.0,3.0,250.0,6.0,4.0,0.0,1.0,0.0,2.0,24.0,0.0,8.0,6.0
1FFW.mut.107_Repair.clean.pdb,0.0,0.0,10.0,3.0,243.0,5.0,4.0,0.0,0.0,0.0,2.0,24.0,0.0,7.0,5.0
1FFW.mut.108_Repair.clean.pdb,0.0,0.0,10.0,3.0,248.0,6.0,4.0,0.0,1.0,0.0,2.0,24.0,0.0,8.0,6.0
1FFW.mut.109_Repair.clean.pdb,0.0,0.0,12.0,3.0,249.0,6.0,5.0,0.0,1.0,0.0,5.0,19.0,0.0,6.0,9.0
1JRH.mut.110_Repair.clean.pdb,0.0,0.0,18.0,10.0,588.0,17.0,14.0,0.0,9.0,0.0,11.0,35.0,0.0,23.0,17.0
1JRH.mut.111_Repair.clean.pdb,0.0,0.0,18.0,8.0,591.0,17.0,13.0,0.0,9.0,0.0,11.0,36.0,0.0,23.0,16.0
1JTG.mut.112_Repair.clean.pdb,0.0,0.0,26.0,17.0,637.0,13.0,8.0,0.0,4.0,0.0,4.0,66.0,0.0,21.0,18.0
1JTG.mut.113_Repair.clean.pdb,0.0,0.0,27.0,13.0,629.0,10.0,7.0,0.0,2.0,0.0,4.0,65.0,0.0,19.0,18.0
1JTG.mut.114_Repair.clean.pdb,0.0,0.0,25.0,16.0,634.0,14.0,6.0,0.0,4.0,0.0,2.0,57.0,0.0,21.0,18.0
1JTG.mut.115_Repair.clean.pdb,0.0,0.0,25.0,13.0,642.0,12.0,6.0,0.0,4.0,0.0,2.0,56.0,0.0,20.0,19.0
1JTG.mut.116_Repair.clean.pdb,0.0,0.0,22.0,12.0,584.0,10.0,6.0,0.0,1.0,0.0,2.0,56.0,0.0,17.0,16.0
1KTZ.mut.117_Repair.clean.pdb,0.0,0.0,9.0,2.0,263.0,8.0,1.0,0.0,12.0,0.0,0.0,27.0,1.0,11.0,3.0
1KTZ.mut.118_Repair.clean.pdb,0.0,0.0,7.0,3.0,263.0,7.0,2.0,0.0,6.0,0.0,0.0,27.0,1.0,8.0,3.0
1KTZ.mut.119_Repair.clean.pdb,0.0,0.0,7.0,3.0,249.0,7.0,2.0,0.0,6.0,0.0,0.0,24.0,1.0,8.0,3.0
1KTZ.mut.120_Repair.clean.pdb,0.0,0.0,7.0,2.0,242.0,5.0,1.0,0.0,6.0,0.0,0.0,27.0,1.0,8.0,3.0
1KTZ.mut.121_Repair.clean.pdb,0.0,0.0,8.0,3.0,257.0,5.0,1.0,0.0,6.0,0.0,0.0,27.0,1.0,8.0,3.0
1KTZ.mut.122_Repair.clean.pdb,0.0,0.0,9.0,3.0,269.0,8.0,2.0,0.0,12.0,0.0,0.0,25.0,1.0,11.0,3.0
1KTZ.mut.123_Repair.clean.pdb,0.0,0.0,9.0,3.0,273.0,8.0,2.0,0.0,12.0,0.0,0.0,26.0,1.0,11.0,3.0
1KTZ.mut.124_Repair.clean.pdb,0.0,0.0,9.0,3.0,273.0,8.0,2.0,0.0,12.0,0.0,0.0,26.0,1.0,11.0,3.0
1KTZ.mut.125_Repair.clean.pdb,0.0,0.0,9.0,3.0,223.0,8.0,2.0,0.0,12.0,0.0,0.0,21.0,1.0,11.0,3.0
1KTZ.mut.126_Repair.clean.pdb,0.0,0.0,9.0,3.0,274.0,8.0,2.0,0.0,12.0,0.0,0.0,26.0,1.0,11.0,3.0
1KTZ.mut.127_Repair.clean.pdb,0.0,0.0,9.0,3.0,273.0,8.0,2.0,0.0,12.0,0.0,0.0,26.0,1.0,11.0,3.0
1KTZ.mut.128_Repair.clean.pdb,0.0,0.0,9.0,4.0,253.0,8.0,2.0,0.0,12.0,0.0,0.0,18.0,1.0,11.0,3.0
1KTZ.mut.129_Repair.clean.pdb,0.0,0.0,8.0,4.0,248.0,8.0,2.0,0.0,12.0,0.0,0.0,18.0,0.0,11.0,3.0
1KTZ.mut.130_Repair.clean.pdb,0.0,0.0,11.0,3.0,278.0,9.0,2.0,0.0,13.0,0.0,0.0,28.0,1.0,12.0,3.0
1KTZ.mut.131_Repair.clean.pdb,0.0,0.0,9.0,3.0,273.0,8.0,2.0,0.0,12.0,0.0,0.0,26.0,1.0,11.0,3.0
1KTZ.mut.132_Repair.clean.pdb,0.0,0.0,9.0,3.0,273.0,8.0,2.0,0.0,12.0,0.0,0.0,26.0,1.0,11.0,3.0
1KTZ.mut.133_Repair.clean.pdb,0.0,0.0,8.0,2.0,267.0,7.0,2.0,0.0,12.0,0.0,0.0,25.0,1.0,10.0,4.0
1KTZ.mut.134_Repair.clean.pdb,0.0,0.0,8.0,3.0,261.0,7.0,2.0,0.0,12.0,0.0,0.0,26.0,1.0,9.0,2.0
1KTZ.mut.135_Repair.clean.pdb,0.0,0.0,11.0,10.0,283.0,7.0,4.0,0.0,12.0,0.0,0.0,28.0,1.0,9.0,6.0
1KTZ.mut.136_Repair.clean.pdb,0.0,0.0,9.0,2.0,263.0,8.0,2.0,0.0,12.0,0.0,0.0,26.0,1.0,11.0,3.0
1KTZ.mut.137_Repair.clean.pdb,0.0,0.0,9.0,3.0,273.0,8.0,2.0,0.0,12.0,0.0,0.0,26.0,1.0,11.0,3.0
1KTZ.mut.138_Repair.clean.pdb,0.0,0.0,9.0,3.0,271.0,8.0,2.0,0.0,12.0,0.0,0.0,25.0,1.0,11.0,3.0
1MHP.mut.139_Repair.clean.pdb,0.0,0.0,17.0,16.0,582.0,8.0,11.0,0.0,1.0,0.0,9.0,16.0,0.0,21.0,10.0
1MHP.mut.140_Repair.clean.pdb,0.0,0.0,18.0,18.0,574.0,8.0,11.0,0.0,1.0,0.0,9.0,17.0,0.0,21.0,8.0
1MHP.mut.141_Repair.clean.pdb,0.0,0.0,22.0,20.0,587.0,7.0,12.0,0.0,2.0,0.0,11.0,16.0,0.0,19.0,12.0
1MHP.mut.142_Repair.clean.pdb,0.0,0.0,19.0,15.0,583.0,8.0,11.0,0.0,4.0,0.0,9.0,17.0,0.0,21.0,10.0
1MHP.mut.143_Repair.clean.pdb,0.0,0.0,18.0,20.0,545.0,8.0,7.0,0.0,1.0,0.0,9.0,15.0,0.0,20.0,10.0
1MHP.mut.144_Repair.clean.pdb,0.0,0.0,18.0,21.0,554.0,8.0,9.0,0.0,2.0,0.0,9.0,16.0,0.0,20.0,10.0
1MHP.mut.145_Repair.clean.pdb,0.0,0.0,17.0,19.0,538.0,7.0,9.0,0.0,1.0,0.0,9.0,17.0,0.0,19.0,11.0
1MHP.mut.146_Repair.clean.pdb,0.0,0.0,18.0,19.0,574.0,8.0,11.0,0.0,3.0,0.0,9.0,17.0,0.0,21.0,10.0
1MHP.mut.147_Repair.clean.pdb,0.0,0.0,17.0,17.0,537.0,7.0,10.0,0.0,3.0,0.0,9.0,16.0,0.0,19.0,8.0
1MHP.mut.148_Repair.clean.pdb,0.0,0.0,19.0,16.0,543.0,7.0,9.0,0.0,3.0,0.0,9.0,20.0,0.0,19.0,8.0
1MHP.mut.149_Repair.clean.pdb,0.0,0.0,23.0,18.0,613.0,9.0,12.0,0.0,3.0,0.0,9.0,21.0,0.0,22.0,11.0
1MHP.mut.150_Repair.clean.pdb,0.0,0.0,19.0,16.0,525.0,5.0,9.0,0.0,1.0,0.0,9.0,22.0,0.0,17.0,8.0
1MHP.mut.151_Repair.clean.pdb,0.0,0.0,19.0,18.0,587.0,8.0,12.0,0.0,3.0,0.0,9.0,17.0,0.0,21.0,11.0
1MHP.mut.152_Repair.clean.pdb,0.0,0.0,19.0,14.0,539.0,5.0,9.0,0.0,1.0,0.0,14.0,26.0,0.0,17.0,9.0
1MHP.mut.153_Repair.clean.pdb,0.0,0.0,20.0,17.0,575.0,8.0,9.0,0.0,2.0,0.0,9.0,16.0,0.0,21.0,11.0
1MHP.mut.154_Repair.clean.pdb,0.0,0.0,17.0,16.0,576.0,7.0,9.0,0.0,3.0,0.0,9.0,18.0,0.0,19.0,9.0
1MHP.mut.155_Repair.clean.pdb,0.0,0.0,18.0,17.0,576.0,8.0,10.0,0.0,3.0,0.0,9.0,16.0,0.0,20.0,9.0
1MHP.mut.156_Repair.clean.pdb,0.0,0.0,21.0,16.0,568.0,8.0,10.0,0.0,2.0,0.0,9.0,15.0,0.0,20.0,10.0
1MHP.mut.157_Repair.clean.pdb,0.0,0.0,20.0,18.0,583.0,8.0,9.0,0.0,2.0,0.0,9.0,17.0,0.0,21.0,11.0
1MHP.mut.158_Repair.clean.pdb,0.0,0.0,18.0,13.0,507.0,7.0,9.0,0.0,3.0,0.0,9.0,16.0,0.0,17.0,9.0
1MHP.mut.159_Repair.clean.pdb,0.0,0.0,18.0,17.0,570.0,8.0,11.0,0.0,3.0,0.0,9.0,17.0,0.0,21.0,8.0
1MHP.mut.160_Repair.clean.pdb,0.0,0.0,18.0,17.0,570.0,8.0,11.0,0.0,3.0,0.0,9.0,17.0,0.0,21.0,8.0
1MHP.mut.161_Repair.clean.pdb,0.0,0.0,21.0,20.0,560.0,8.0,9.0,0.0,3.0,0.0,9.0,17.0,0.0,21.0,8.0
1MHP.mut.162_Repair.clean.pdb,0.0,0.0,18.0,17.0,570.0,8.0,11.0,0.0,3.0,0.0,9.0,17.0,0.0,21.0,8.0
1MHP.mut.163_Repair.clean.pdb,0.0,0.0,19.0,17.0,569.0,8.0,11.0,0.0,3.0,0.0,9.0,17.0,0.0,21.0,9.0
1MHP.mut.164_Repair.clean.pdb,0.0,0.0,15.0,19.0,529.0,5.0,10.0,0.0,1.0,0.0,9.0,13.0,0.0,17.0,8.0
1MHP.mut.165_Repair.clean.pdb,0.0,0.0,19.0,16.0,544.0,7.0,10.0,0.0,3.0,0.0,9.0,16.0,0.0,19.0,9.0
1MHP.mut.166_Repair.clean.pdb,0.0,0.0,19.0,15.0,546.0,7.0,10.0,0.0,3.0,0.0,9.0,16.0,0.0,19.0,9.0
1MHP.mut.167_Repair.clean.pdb,0.0,0.0,18.0,15.0,536.0,7.0,10.0,0.0,3.0,0.0,9.0,16.0,0.0,19.0,8.0
1MHP.mut.168_Repair.clean.pdb,0.0,0.0,23.0,17.0,585.0,8.0,11.0,0.0,2.0,0.0,9.0,19.0,0.0,20.0,12.0
1MHP.mut.169_Repair.clean.pdb,0.0,0.0,22.0,15.0,545.0,7.0,9.0,0.0,3.0,0.0,9.0,16.0,0.0,20.0,11.0
1MHP.mut.170_Repair.clean.pdb,0.0,0.0,19.0,15.0,559.0,7.0,10.0,0.0,3.0,0.0,9.0,15.0,0.0,19.0,10.0
1MHP.mut.171_Repair.clean.pdb,0.0,0.0,21.0,19.0,553.0,7.0,10.0,0.0,3.0,0.0,9.0,16.0,0.0,19.0,8.0
1MHP.mut.172_Repair.clean.pdb,0.0,0.0,18.0,17.0,507.0,5.0,9.0,0.0,1.0,0.0,9.0,17.0,0.0,17.0,10.0
1MHP.mut.173_Repair.clean.pdb,0.0,0.0,20.0,17.0,565.0,8.0,10.0,0.0,3.0,0.0,9.0,16.0,0.0,20.0,12.0
1MHP.mut.174_Repair.clean.pdb,0.0,0.0,21.0,15.0,554.0,7.0,10.0,0.0,3.0,0.0,9.0,16.0,0.0,19.0,8.0
1MHP.mut.175_Repair.clean.pdb,0.0,0.0,17.0,19.0,512.0,5.0,9.0,0.0,1.0,0.0,9.0,17.0,0.0,16.0,10.0
1MHP.mut.176_Repair.clean.pdb,0.0,0.0,18.0,20.0,470.0,5.0,10.0,0.0,6.0,0.0,9.0,13.0,0.0,17.0,9.0
1MHP.mut.177_Repair.clean.pdb,0.0,0.0,20.0,21.0,523.0,7.0,10.0,0.0,2.0,0.0,9.0,14.0,0.0,19.0,9.0
1MHP.mut.178_Repair.clean.pdb,0.0,0.0,14.0,18.0,526.0,4.0,10.0,0.0,1.0,0.0,9.0,15.0,0.0,14.0,10.0
1MHP.mut.179_Repair.clean.pdb,0.0,0.0,18.0,17.0,570.0,8.0,11.0,0.0,3.0,0.0,9.0,17.0,0.0,21.0,8.0
1MHP.mut.180_Repair.clean.pdb,0.0,0.0,17.0,17.0,542.0,7.0,10.0,0.0,3.0,0.0,9.0,16.0,0.0,18.0,8.0
1MHP.mut.181_Repair.clean.pdb,0.0,0.0,19.0,16.0,574.0,8.0,11.0,0.0,1.0,0.0,9.0,17.0,0.0,21.0,8.0
1MHP.mut.182_Repair.clean.pdb,0.0,0.0,17.0,17.0,541.0,8.0,10.0,0.0,3.0,0.0,9.0,16.0,0.0,20.0,8.0
1MHP.mut.183_Repair.clean.pdb,0.0,0.0,19.0,15.0,549.0,8.0,10.0,0.0,3.0,0.0,9.0,16.0,0.0,20.0,8.0
1MHP.mut.184_Repair.clean.pdb,0.0,0.0,26.0,17.0,587.0,6.0,7.0,0.0,3.0,0.0,11.0,16.0,0.0,21.0,10.0
1MHP.mut.185_Repair.clean.pdb,0.0,0.0,20.0,18.0,580.0,8.0,10.0,0.0,1.0,0.0,9.0,17.0,0.0,21.0,11.0
1MHP.mut.186_Repair.clean.pdb,0.0,0.0,20.0,16.0,571.0,8.0,10.0,0.0,2.0,0.0,9.0,17.0,0.0,21.0,9.0
1MHP.mut.187_Repair.clean.pdb,0.0,0.0,21.0,25.0,531.0,8.0,7.0,0.0,1.0,0.0,9.0,17.0,0.0,20.0,10.0
1MHP.mut.188_Repair.clean.pdb,0.0,0.0,20.0,20.0,541.0,8.0,7.0,0.0,1.0,0.0,9.0,16.0,0.0,20.0,8.0
1MHP.mut.189_Repair.clean.pdb,0.0,0.0,23.0,16.0,531.0,7.0,7.0,0.0,3.0,0.0,9.0,16.0,0.0,19.0,11.0
1MHP.mut.190_Repair.clean.pdb,0.0,0.0,20.0,16.0,513.0,6.0,10.0,0.0,3.0,0.0,9.0,17.0,0.0,18.0,12.0
1MHP.mut.191_Repair.clean.pdb,0.0,0.0,24.0,17.0,559.0,7.0,7.0,0.0,3.0,0.0,9.0,20.0,0.0,20.0,8.0
1MHP.mut.192_Repair.clean.pdb,0.0,0.0,21.0,16.0,591.0,7.0,8.0,0.0,3.0,0.0,10.0,19.0,0.0,20.0,12.0
1MHP.mut.193_Repair.clean.pdb,0.0,0.0,17.0,18.0,578.0,8.0,11.0,0.0,3.0,0.0,9.0,17.0,0.0,21.0,10.0
1MHP.mut.194_Repair.clean.pdb,0.0,0.0,18.0,16.0,584.0,9.0,11.0,0.0,4.0,0.0,9.0,17.0,0.0,22.0,10.0
1MHP.mut.195_Repair.clean.pdb,0.0,0.0,18.0,18.0,570.0,8.0,10.0,0.0,3.0,0.0,9.0,17.0,0.0,21.0,8.0
1MHP.mut.196_Repair.clean.pdb,0.0,0.0,18.0,18.0,570.0,8.0,10.0,0.0,3.0,0.0,9.0,17.0,0.0,21.0,8.0
1MHP.mut.197_Repair.clean.pdb,0.0,0.0,20.0,17.0,580.0,9.0,11.0,0.0,1.0,0.0,9.0,17.0,0.0,22.0,10.0
1MHP.mut.198_Repair.clean.pdb,0.0,0.0,20.0,18.0,542.0,7.0,8.0,0.0,10.0,0.0,9.0,16.0,0.0,21.0,10.0
1MHP.mut.199_Repair.clean.pdb,0.0,0.0,17.0,17.0,538.0,7.0,10.0,0.0,3.0,0.0,9.0,16.0,0.0,19.0,8.0
1MHP.mut.200_Repair.clean.pdb,0.0,0.0,17.0,18.0,592.0,9.0,10.0,0.0,3.0,0.0,9.0,18.0,0.0,22.0,8.0
1MHP.mut.201_Repair.clean.pdb,0.0,0.0,18.0,20.0,550.0,6.0,8.0,0.0,2.0,0.0,9.0,18.0,0.0,18.0,10.0
1MHP.mut.202_Repair.clean.pdb,0.0,0.0,17.0,18.0,550.0,8.0,9.0,0.0,4.0,0.0,9.0,16.0,0.0,20.0,9.0
1MHP.mut.203_Repair.clean.pdb,0.0,0.0,17.0,16.0,568.0,7.0,10.0,0.0,3.0,0.0,9.0,16.0,0.0,20.0,9.0
1MHP.mut.204_Repair.clean.pdb,0.0,0.0,17.0,17.0,546.0,6.0,8.0,0.0,3.0,0.0,9.0,15.0,0.0,18.0,10.0
1MHP.mut.205_Repair.clean.pdb,0.0,0.0,18.0,18.0,567.0,7.0,9.0,0.0,3.0,0.0,9.0,16.0,0.0,21.0,10.0
1MHP.mut.206_Repair.clean.pdb,0.0,0.0,21.0,12.0,525.0,6.0,7.0,0.0,2.0,0.0,0.0,17.0,0.0,17.0,11.0
1MLC.mut.207_Repair.clean.pdb,0.0,0.0,14.0,11.0,457.0,9.0,6.0,0.0,11.0,0.0,2.0,20.0,1.0,13.0,8.0
1MLC.mut.208_Repair.clean.pdb,0.0,0.0,12.0,8.0,442.0,8.0,7.0,0.0,11.0,0.0,2.0,21.0,1.0,11.0,9.0
1MLC.mut.209_Repair.clean.pdb,0.0,0.0,14.0,9.0,458.0,8.0,7.0,0.0,11.0,0.0,2.0,27.0,1.0,12.0,11.0
1MLC.mut.210_Repair.clean.pdb,0.0,0.0,14.0,10.0,458.0,9.0,6.0,0.0,10.0,0.0,2.0,20.0,1.0,13.0,8.0
1MLC.mut.211_Repair.clean.pdb,0.0,0.0,14.0,9.0,450.0,9.0,6.0,0.0,10.0,0.0,2.0,19.0,1.0,13.0,8.0
1MLC.mut.212_Repair.clean.pdb,0.0,0.0,14.0,9.0,455.0,9.0,7.0,0.0,10.0,0.0,2.0,22.0,1.0,13.0,9.0
1MLC.mut.213_Repair.clean.pdb,0.0,0.0,16.0,11.0,498.0,10.0,6.0,0.0,10.0,0.0,2.0,30.0,1.0,14.0,9.0
1MLC.mut.214_Repair.clean.pdb,0.0,0.0,14.0,10.0,454.0,9.0,6.0,0.0,11.0,0.0,2.0,21.0,1.0,13.0,8.0
1MLC.mut.215_Repair.clean.pdb,0.0,0.0,15.0,8.0,446.0,9.0,6.0,0.0,10.0,0.0,2.0,18.0,1.0,13.0,9.0
1MLC.mut.216_Repair.clean.pdb,0.0,0.0,18.0,8.0,455.0,9.0,5.0,0.0,10.0,0.0,2.0,23.0,1.0,14.0,7.0
1MLC.mut.217_Repair.clean.pdb,0.0,0.0,13.0,8.0,435.0,8.0,5.0,0.0,10.0,0.0,2.0,18.0,1.0,13.0,6.0
1N8Z.mut.218_Repair.clean.pdb,0.0,0.0,13.0,16.0,360.0,8.0,5.0,0.0,9.0,0.0,10.0,53.0,1.0,11.0,13.0
1N8Z.mut.219_Repair.clean.pdb,0.0,0.0,14.0,15.0,360.0,8.0,5.0,0.0,9.0,0.0,10.0,53.0,1.0,11.0,13.0
1N8Z.mut.220_Repair.clean.pdb,0.0,0.0,14.0,16.0,372.0,8.0,5.0,0.0,9.0,0.0,11.0,57.0,1.0,11.0,13.0
1N8Z.mut.221_Repair.clean.pdb,0.0,0.0,20.0,13.0,399.0,12.0,4.0,0.0,12.0,0.0,11.0,50.0,1.0,12.0,13.0
1N8Z.mut.222_Repair.clean.pdb,0.0,0.0,14.0,17.0,359.0,8.0,5.0,0.0,9.0,0.0,10.0,53.0,1.0,11.0,13.0
1N8Z.mut.223_Repair.clean.pdb,0.0,0.0,13.0,15.0,355.0,8.0,4.0,0.0,8.0,0.0,11.0,52.0,1.0,11.0,12.0
1N8Z.mut.224_Repair.clean.pdb,0.0,0.0,16.0,12.0,384.0,8.0,5.0,0.0,9.0,0.0,10.0,52.0,1.0,11.0,11.0
1N8Z.mut.225_Repair.clean.pdb,0.0,0.0,13.0,16.0,361.0,7.0,5.0,0.0,9.0,0.0,10.0,54.0,1.0,11.0,13.0
1N8Z.mut.226_Repair.clean.pdb,0.0,0.0,13.0,17.0,360.0,8.0,5.0,0.0,9.0,0.0,10.0,53.0,1.0,11.0,13.0
1N8Z.mut.227_Repair.clean.pdb,0.0,0.0,20.0,15.0,406.0,14.0,4.0,0.0,17.0,0.0,9.0,48.0,1.0,16.0,14.0
1N8Z.mut.228_Repair.clean.pdb,0.0,0.0,11.0,14.0,308.0,7.0,2.0,0.0,8.0,0.0,4.0,43.0,1.0,10.0,11.0
1N8Z.mut.229_Repair.clean.pdb,0.0,0.0,14.0,13.0,361.0,7.0,2.0,0.0,8.0,0.0,9.0,49.0,1.0,10.0,14.0
1N8Z.mut.230_Repair.clean.pdb,0.0,0.0,14.0,13.0,361.0,7.0,2.0,0.0,8.0,0.0,9.0,49.0,1.0,10.0,14.0
1N8Z.mut.231_Repair.clean.pdb,0.0,0.0,15.0,15.0,373.0,9.0,4.0,0.0,9.0,0.0,10.0,53.0,1.0,11.0,13.0
1N8Z.mut.232_Repair.clean.pdb,0.0,0.0,20.0,13.0,390.0,13.0,3.0,0.0,17.0,0.0,9.0,48.0,1.0,14.0,12.0
1N8Z.mut.233_Repair.clean.pdb,0.0,0.0,16.0,19.0,405.0,12.0,3.0,0.0,17.0,0.0,12.0,52.0,1.0,14.0,12.0
1N8Z.mut.234_Repair.clean.pdb,0.0,0.0,12.0,17.0,331.0,8.0,4.0,0.0,9.0,0.0,11.0,43.0,1.0,11.0,12.0
1N8Z.mut.235_Repair.clean.pdb,0.0,0.0,14.0,13.0,371.0,8.0,4.0,0.0,7.0,0.0,11.0,53.0,1.0,9.0,12.0
1N8Z.mut.236_Repair.clean.pdb,0.0,0.0,22.0,9.0,384.0,12.0,3.0,0.0,12.0,0.0,12.0,41.0,1.0,11.0,12.0
1N8Z.mut.237_Repair.clean.pdb,0.0,0.0,14.0,14.0,368.0,8.0,6.0,0.0,9.0,0.0,11.0,53.0,0.0,9.0,11.0
1N8Z.mut.238_Repair.clean.pdb,0.0,0.0,12.0,15.0,352.0,8.0,5.0,0.0,9.0,0.0,10.0,53.0,0.0,9.0,11.0
1N8Z.mut.239_Repair.clean.pdb,0.0,0.0,12.0,15.0,352.0,8.0,5.0,0.0,9.0,0.0,10.0,53.0,0.0,9.0,11.0
1N8Z.mut.240_Repair.clean.pdb,0.0,0.0,14.0,13.0,358.0,7.0,5.0,0.0,9.0,0.0,11.0,53.0,1.0,9.0,13.0
1N8Z.mut.241_Repair.clean.pdb,0.0,0.0,12.0,14.0,347.0,6.0,5.0,0.0,9.0,0.0,11.0,53.0,1.0,9.0,13.0
1N8Z.mut.242_Repair.clean.pdb,0.0,0.0,22.0,12.0,408.0,12.0,4.0,0.0,12.0,0.0,11.0,52.0,1.0,12.0,14.0
1N8Z.mut.243_Repair.clean.pdb,0.0,0.0,17.0,13.0,374.0,9.0,4.0,0.0,9.0,0.0,12.0,54.0,1.0,11.0,13.0
1N8Z.mut.244_Repair.clean.pdb,0.0,0.0,23.0,13.0,401.0,12.0,2.0,0.0,13.0,0.0,15.0,56.0,1.0,12.0,13.0
1N8Z.mut.245_Repair.clean.pdb,0.0,0.0,16.0,11.0,358.0,8.0,5.0,0.0,9.0,0.0,11.0,54.0,1.0,11.0,13.0
1N8Z.mut.246_Repair.clean.pdb,0.0,0.0,13.0,17.0,362.0,8.0,4.0,0.0,9.0,0.0,10.0,53.0,1.0,11.0,13.0
1N8Z.mut.247_Repair.clean.pdb,0.0,0.0,11.0,14.0,357.0,8.0,3.0,0.0,8.0,0.0,10.0,53.0,1.0,9.0,12.0
1N8Z.mut.248_Repair.clean.pdb,0.0,0.0,14.0,14.0,359.0,9.0,4.0,0.0,8.0,0.0,10.0,53.0,1.0,10.0,13.0
1N8Z.mut.249_Repair.clean.pdb,0.0,0.0,23.0,13.0,399.0,12.0,3.0,0.0,13.0,0.0,15.0,55.0,1.0,11.0,13.0
1N8Z.mut.250_Repair.clean.pdb,0.0,0.0,16.0,12.0,340.0,9.0,5.0,0.0,9.0,0.0,11.0,47.0,1.0,11.0,14.0
1N8Z.mut.251_Repair.clean.pdb,0.0,0.0,16.0,13.0,363.0,8.0,4.0,0.0,9.0,0.0,10.0,54.0,1.0,11.0,14.0
1VFB.mut.252_Repair.clean.pdb,0.0,0.0,10.0,10.0,378.0,15.0,6.0,0.0,0.0,0.0,0.0,20.0,0.0,17.0,5.0
1VFB.mut.253_Repair.clean.pdb,0.0,0.0,10.0,10.0,384.0,15.0,6.0,0.0,0.0,0.0,0.0,20.0,0.0,16.0,5.0
1VFB.mut.254_Repair.clean.pdb,0.0,0.0,11.0,8.0,391.0,15.0,6.0,0.0,0.0,0.0,0.0,18.0,0.0,18.0,5.0
1VFB.mut.255_Repair.clean.pdb,0.0,0.0,11.0,8.0,375.0,14.0,4.0,0.0,0.0,0.0,0.0,20.0,0.0,17.0,4.0
1VFB.mut.256_Repair.clean.pdb,0.0,0.0,11.0,8.0,391.0,14.0,6.0,0.0,0.0,0.0,0.0,20.0,0.0,17.0,5.0
1VFB.mut.257_Repair.clean.pdb,0.0,0.0,11.0,9.0,376.0,15.0,5.0,0.0,0.0,0.0,0.0,20.0,0.0,18.0,4.0
1VFB.mut.258_Repair.clean.pdb,0.0,0.0,10.0,7.0,319.0,13.0,5.0,0.0,0.0,0.0,0.0,18.0,0.0,16.0,5.0
1VFB.mut.259_Repair.clean.pdb,0.0,0.0,11.0,8.0,370.0,14.0,6.0,0.0,0.0,0.0,0.0,17.0,0.0,17.0,5.0
1VFB.mut.260_Repair.clean.pdb,0.0,0.0,11.0,6.0,385.0,13.0,6.0,0.0,0.0,0.0,0.0,21.0,0.0,16.0,4.0
1VFB.mut.261_Repair.clean.pdb,0.0,0.0,11.0,10.0,391.0,15.0,6.0,0.0,0.0,0.0,0.0,19.0,0.0,18.0,5.0
1VFB.mut.262_Repair.clean.pdb,0.0,0.0,12.0,10.0,391.0,16.0,7.0,0.0,0.0,0.0,0.0,19.0,0.0,18.0,5.0
1VFB.mut.263_Repair.clean.pdb,0.0,0.0,12.0,9.0,386.0,16.0,5.0,0.0,0.0,0.0,0.0,20.0,0.0,19.0,4.0
1VFB.mut.264_Repair.clean.pdb,0.0,0.0,12.0,5.0,360.0,12.0,3.0,0.0,0.0,0.0,0.0,20.0,0.0,15.0,3.0
1VFB.mut.265_Repair.clean.pdb,0.0,0.0,14.0,8.0,380.0,16.0,6.0,0.0,0.0,0.0,0.0,20.0,0.0,19.0,4.0
1VFB.mut.266_Repair.clean.pdb,0.0,0.0,13.0,8.0,396.0,16.0,5.0,0.0,0.0,0.0,0.0,20.0,0.0,19.0,4.0
1VFB.mut.267_Repair.clean.pdb,0.0,0.0,13.0,9.0,398.0,16.0,5.0,0.0,0.0,0.0,0.0,20.0,0.0,19.0,4.0
1VFB.mut.268_Repair.clean.pdb,0.0,0.0,12.0,8.0,394.0,15.0,4.0,0.0,0.0,0.0,0.0,22.0,0.0,19.0,6.0
1VFB.mut.269_Repair.clean.pdb,0.0,0.0,12.0,8.0,413.0,15.0,6.0,0.0,1.0,0.0,0.0,21.0,0.0,19.0,6.0
1VFB.mut.270_Repair.clean.pdb,0.0,0.0,13.0,8.0,425.0,15.0,4.0,0.0,0.0,0.0,0.0,28.0,0.0,19.0,7.0
1VFB.mut.271_Repair.clean.pdb,0.0,0.0,10.0,6.0,406.0,14.0,6.0,0.0,0.0,0.0,2.0,28.0,0.0,17.0,4.0
1VFB.mut.272_Repair.clean.pdb,0.0,0.0,10.0,8.0,394.0,14.0,6.0,0.0,0.0,0.0,0.0,20.0,0.0,18.0,6.0
1VFB.mut.273_Repair.clean.pdb,0.0,0.0,13.0,9.0,397.0,16.0,5.0,0.0,0.0,0.0,0.0,20.0,0.0,19.0,4.0
1VFB.mut.274_Repair.clean.pdb,0.0,0.0,13.0,9.0,395.0,16.0,5.0,0.0,0.0,0.0,0.0,20.0,0.0,19.0,4.0
1VFB.mut.275_Repair.clean.pdb,0.0,0.0,13.0,9.0,395.0,16.0,5.0,0.0,0.0,0.0,0.0,20.0,0.0,19.0,4.0
1VFB.mut.276_Repair.clean.pdb,0.0,0.0,13.0,8.0,397.0,16.0,5.0,0.0,0.0,0.0,0.0,20.0,0.0,19.0,4.0
1VFB.mut.277_Repair.clean.pdb,0.0,0.0,11.0,9.0,343.0,15.0,5.0,0.0,0.0,0.0,0.0,15.0,0.0,18.0,6.0
1VFB.mut.278_Repair.clean.pdb,0.0,0.0,10.0,6.0,336.0,13.0,5.0,0.0,0.0,0.0,0.0,17.0,0.0,15.0,3.0
1VFB.mut.279_Repair.clean.pdb,0.0,0.0,11.0,6.0,371.0,13.0,6.0,0.0,0.0,0.0,0.0,23.0,0.0,15.0,3.0
1VFB.mut.280_Repair.clean.pdb,0.0,0.0,11.0,8.0,387.0,15.0,5.0,0.0,0.0,0.0,0.0,20.0,0.0,18.0,4.0
1VFB.mut.281_Repair.clean.pdb,0.0,0.0,11.0,7.0,393.0,16.0,5.0,0.0,1.0,0.0,0.0,20.0,0.0,19.0,4.0
1VFB.mut.282_Repair.clean.pdb,0.0,0.0,13.0,8.0,397.0,16.0,5.0,0.0,0.0,0.0,0.0,20.0,0.0,19.0,4.0
1VFB.mut.283_Repair.clean.pdb,0.0,0.0,13.0,9.0,410.0,16.0,6.0,0.0,0.0,0.0,0.0,20.0,0.0,19.0,5.0
1VFB.mut.284_Repair.clean.pdb,0.0,0.0,13.0,8.0,396.0,16.0,5.0,0.0,0.0,0.0,0.0,20.0,0.0,19.0,4.0
1VFB.mut.285_Repair.clean.pdb,0.0,0.0,11.0,10.0,396.0,15.0,6.0,0.0,0.0,0.0,0.0,20.0,0.0,18.0,5.0
1VFB.mut.286_Repair.clean.pdb,0.0,0.0,11.0,10.0,392.0,14.0,6.0,0.0,0.0,0.0,0.0,20.0,0.0,17.0,6.0
1VFB.mut.287_Repair.clean.pdb,0.0,0.0,11.0,8.0,354.0,14.0,6.0,0.0,0.0,0.0,0.0,11.0,0.0,17.0,5.0
1VFB.mut.288_Repair.clean.pdb,0.0,0.0,11.0,8.0,359.0,14.0,5.0,0.0,0.0,0.0,0.0,20.0,0.0,17.0,5.0
1VFB.mut.289_Repair.clean.pdb,0.0,0.0,10.0,8.0,394.0,15.0,5.0,0.0,0.0,0.0,0.0,22.0,0.0,18.0,5.0
1VFB.mut.290_Repair.clean.pdb,0.0,0.0,10.0,10.0,372.0,15.0,5.0,0.0,0.0,0.0,0.0,18.0,0.0,16.0,5.0
1VFB.mut.291_Repair.clean.pdb,0.0,0.0,15.0,8.0,396.0,18.0,5.0,0.0,2.0,0.0,0.0,18.0,0.0,19.0,4.0
1VFB.mut.292_Repair.clean.pdb,0.0,0.0,11.0,13.0,400.0,18.0,6.0,0.0,4.0,0.0,0.0,18.0,0.0,19.0,5.0
1YY9.mut.293_Repair.clean.pdb,0.0,0.0,18.0,7.0,501.0,10.0,4.0,0.0,4.0,0.0,18.0,42.0,1.0,14.0,12.0
1YY9.mut.294_Repair.clean.pdb,0.0,0.0,16.0,13.0,507.0,12.0,5.0,0.0,3.0,0.0,17.0,42.0,1.0,14.0,17.0
1YY9.mut.295_Repair.clean.pdb,0.0,0.0,13.0,12.0,499.0,14.0,4.0,0.0,3.0,0.0,17.0,42.0,1.0,16.0,16.0
1YY9.mut.296_Repair.clean.pdb,0.0,0.0,13.0,12.0,507.0,12.0,4.0,0.0,3.0,0.0,17.0,42.0,1.0,14.0,15.0
1YY9.mut.297_Repair.clean.pdb,0.0,0.0,17.0,12.0,506.0,12.0,6.0,0.0,3.0,0.0,17.0,42.0,1.0,14.0,17.0
2JEL.mut.298_Repair.clean.pdb,0.0,0.0,17.0,13.0,425.0,9.0,5.0,0.0,2.0,0.0,2.0,34.0,0.0,11.0,11.0
2JEL.mut.299_Repair.clean.pdb,0.0,0.0,17.0,13.0,430.0,9.0,6.0,0.0,2.0,0.0,2.0,34.0,0.0,11.0,11.0
2JEL.mut.300_Repair.clean.pdb,0.0,0.0,16.0,11.0,430.0,9.0,5.0,0.0,2.0,0.0,2.0,33.0,0.0,10.0,11.0
2JEL.mut.301_Repair.clean.pdb,0.0,0.0,15.0,12.0,431.0,9.0,5.0,0.0,2.0,0.0,2.0,33.0,0.0,11.0,11.0
2JEL.mut.302_Repair.clean.pdb,0.0,0.0,14.0,11.0,394.0,8.0,4.0,0.0,0.0,0.0,2.0,34.0,0.0,9.0,9.0
2JEL.mut.303_Repair.clean.pdb,0.0,0.0,17.0,13.0,423.0,9.0,5.0,0.0,2.0,0.0,2.0,33.0,0.0,11.0,11.0
2JEL.mut.304_Repair.clean.pdb,0.0,0.0,14.0,12.0,393.0,8.0,4.0,0.0,2.0,0.0,2.0,32.0,0.0,10.0,11.0
2JEL.mut.305_Repair.clean.pdb,0.0,0.0,14.0,17.0,425.0,11.0,6.0,0.0,2.0,0.0,2.0,35.0,0.0,13.0,11.0
2JEL.mut.306_Repair.clean.pdb,0.0,0.0,16.0,9.0,430.0,9.0,4.0,0.0,2.0,0.0,2.0,33.0,0.0,11.0,10.0
2JEL.mut.307_Repair.clean.pdb,0.0,0.0,20.0,10.0,434.0,9.0,5.0,0.0,2.0,0.0,3.0,34.0,0.0,11.0,11.0
2JEL.mut.308_Repair.clean.pdb,0.0,0.0,16.0,9.0,428.0,9.0,5.0,0.0,2.0,0.0,2.0,35.0,0.0,10.0,11.0
2JEL.mut.309_Repair.clean.pdb,0.0,0.0,17.0,13.0,428.0,9.0,5.0,0.0,2.0,0.0,2.0,35.0,0.0,11.0,11.0
2JEL.mut.310_Repair.clean.pdb,0.0,0.0,17.0,13.0,428.0,9.0,5.0,0.0,2.0,0.0,2.0,35.0,0.0,11.0,11.0
2JEL.mut.311_Repair.clean.pdb,0.0,0.0,17.0,13.0,428.0,9.0,5.0,0.0,2.0,0.0,2.0,35.0,0.0,11.0,11.0
2JEL.mut.312_Repair.clean.pdb,0.0,0.0,17.0,12.0,433.0,9.0,5.0,0.0,2.0,0.0,1.0,29.0,0.0,11.0,11.0
2JEL.mut.313_Repair.clean.pdb,0.0,0.0,17.0,10.0,432.0,9.0,6.0,0.0,2.0,0.0,0.0,26.0,0.0,11.0,13.0
2JEL.mut.314_Repair.clean.pdb,0.0,0.0,21.0,9.0,425.0,10.0,5.0,0.0,2.0,0.0,2.0,37.0,0.0,12.0,13.0
2JEL.mut.315_Repair.clean.pdb,0.0,0.0,17.0,11.0,428.0,10.0,6.0,0.0,2.0,0.0,2.0,36.0,0.0,12.0,13.0
2JEL.mut.316_Repair.clean.pdb,0.0,0.0,17.0,13.0,433.0,9.0,5.0,0.0,2.0,0.0,2.0,35.0,0.0,11.0,11.0
2JEL.mut.317_Repair.clean.pdb,0.0,0.0,16.0,12.0,430.0,10.0,6.0,0.0,2.0,0.0,2.0,35.0,0.0,11.0,11.0
2JEL.mut.318_Repair.clean.pdb,0.0,0.0,21.0,9.0,429.0,9.0,5.0,0.0,2.0,0.0,2.0,33.0,0.0,12.0,12.0
2JEL.mut.319_Repair.clean.pdb,0.0,0.0,20.0,9.0,435.0,9.0,5.0,0.0,2.0,0.0,2.0,33.0,0.0,11.0,11.0
2JEL.mut.320_Repair.clean.pdb,0.0,0.0,18.0,11.0,432.0,9.0,5.0,0.0,2.0,0.0,2.0,35.0,0.0,11.0,11.0
2JEL.mut.321_Repair.clean.pdb,0.0,0.0,16.0,9.0,428.0,9.0,5.0,0.0,2.0,0.0,2.0,35.0,0.0,10.0,11.0
2JEL.mut.322_Repair.clean.pdb,0.0,0.0,17.0,13.0,425.0,9.0,5.0,0.0,2.0,0.0,2.0,35.0,0.0,11.0,11.0
2JEL.mut.323_Repair.clean.pdb,0.0,0.0,16.0,9.0,428.0,9.0,5.0,0.0,2.0,0.0,2.0,35.0,0.0,10.0,11.0
2JEL.mut.324_Repair.clean.pdb,0.0,0.0,14.0,10.0,433.0,8.0,6.0,0.0,2.0,0.0,2.0,35.0,0.0,11.0,11.0
2JEL.mut.325_Repair.clean.pdb,0.0,0.0,18.0,10.0,423.0,9.0,5.0,0.0,2.0,0.0,3.0,37.0,0.0,11.0,11.0
2JEL.mut.326_Repair.clean.pdb,0.0,0.0,17.0,13.0,427.0,9.0,5.0,0.0,2.0,0.0,2.0,35.0,0.0,11.0,11.0
2JEL.mut.327_Repair.clean.pdb,0.0,0.0,11.0,13.0,405.0,8.0,6.0,0.0,2.0,0.0,2.0,35.0,0.0,12.0,15.0
2JEL.mut.328_Repair.clean.pdb,0.0,0.0,16.0,11.0,426.0,9.0,5.0,0.0,2.0,0.0,2.0,35.0,0.0,11.0,11.0
2JEL.mut.329_Repair.clean.pdb,0.0,0.0,17.0,13.0,428.0,9.0,6.0,0.0,2.0,0.0,2.0,36.0,0.0,11.0,11.0
2JEL.mut.330_Repair.clean.pdb,0.0,0.0,17.0,13.0,426.0,9.0,6.0,0.0,2.0,0.0,2.0,35.0,0.0,10.0,10.0
2JEL.mut.331_Repair.clean.pdb,0.0,0.0,17.0,13.0,430.0,9.0,5.0,0.0,2.0,0.0,2.0,34.0,0.0,11.0,11.0
2JEL.mut.332_Repair.clean.pdb,0.0,0.0,17.0,13.0,425.0,9.0,5.0,0.0,2.0,0.0,2.0,35.0,0.0,11.0,11.0
2JEL.mut.333_Repair.clean.pdb,0.0,0.0,17.0,13.0,433.0,9.0,5.0,0.0,2.0,0.0,2.0,35.0,0.0,11.0,11.0
2JEL.mut.334_Repair.clean.pdb,0.0,0.0,17.0,13.0,426.0,9.0,5.0,0.0,2.0,0.0,2.0,36.0,0.0,11.0,10.0
2JEL.mut.335_Repair.clean.pdb,0.0,0.0,17.0,12.0,423.0,9.0,5.0,0.0,2.0,0.0,2.0,35.0,0.0,11.0,10.0
2JEL.mut.336_Repair.clean.pdb,0.0,0.0,16.0,12.0,427.0,9.0,5.0,0.0,2.0,0.0,2.0,35.0,0.0,11.0,11.0
2JEL.mut.337_Repair.clean.pdb,0.0,0.0,17.0,13.0,429.0,9.0,5.0,0.0,2.0,0.0,2.0,35.0,0.0,11.0,11.0
2JEL.mut.338_Repair.clean.pdb,0.0,0.0,17.0,13.0,425.0,9.0,5.0,0.0,2.0,0.0,2.0,35.0,0.0,11.0,11.0
2JEL.mut.339_Repair.clean.pdb,0.0,0.0,17.0,13.0,425.0,9.0,5.0,0.0,2.0,0.0,2.0,35.0,0.0,11.0,11.0
2JEL.mut.340_Repair.clean.pdb,0.0,0.0,20.0,10.0,434.0,9.0,5.0,0.0,2.0,0.0,3.0,34.0,0.0,11.0,11.0
2NYY.mut.341_Repair.clean.pdb,0.0,0.0,24.0,23.0,595.0,17.0,9.0,0.0,5.0,0.0,16.0,36.0,1.0,25.0,20.0
2NYY.mut.342_Repair.clean.pdb,0.0,0.0,26.0,21.0,623.0,21.0,9.0,0.0,5.0,0.0,16.0,35.0,1.0,28.0,19.0
2NYY.mut.343_Repair.clean.pdb,0.0,0.0,26.0,18.0,565.0,19.0,6.0,0.0,8.0,0.0,16.0,34.0,1.0,26.0,17.0
2NYY.mut.344_Repair.clean.pdb,0.0,0.0,25.0,26.0,657.0,20.0,9.0,0.0,11.0,0.0,16.0,34.0,1.0,31.0,21.0
2NYY.mut.345_Repair.clean.pdb,0.0,0.0,25.0,20.0,551.0,19.0,9.0,0.0,5.0,0.0,9.0,25.0,1.0,26.0,20.0
2NYY.mut.346_Repair.clean.pdb,0.0,0.0,25.0,19.0,559.0,19.0,9.0,0.0,3.0,0.0,7.0,36.0,1.0,27.0,17.0
2NYY.mut.347_Repair.clean.pdb,0.0,0.0,25.0,21.0,599.0,19.0,8.0,0.0,5.0,0.0,16.0,35.0,1.0,26.0,20.0
2NYY.mut.348_Repair.clean.pdb,0.0,0.0,25.0,22.0,600.0,19.0,10.0,0.0,5.0,0.0,16.0,35.0,1.0,25.0,20.0
2NYY.mut.349_Repair.clean.pdb,0.0,0.0,24.0,21.0,598.0,18.0,9.0,0.0,5.0,0.0,16.0,35.0,1.0,26.0,20.0
2NYY.mut.350_Repair.clean.pdb,0.0,0.0,28.0,22.0,627.0,20.0,9.0,0.0,8.0,0.0,16.0,35.0,1.0,29.0,20.0
2NYY.mut.351_Repair.clean.pdb,0.0,0.0,24.0,21.0,588.0,20.0,10.0,0.0,5.0,0.0,16.0,23.0,1.0,27.0,18.0
2NYY.mut.352_Repair.clean.pdb,0.0,0.0,23.0,22.0,610.0,19.0,10.0,0.0,5.0,0.0,16.0,38.0,1.0,27.0,21.0
2NYY.mut.353_Repair.clean.pdb,0.0,0.0,23.0,23.0,568.0,16.0,9.0,0.0,5.0,0.0,16.0,35.0,1.0,24.0,20.0
2NYY.mut.354_Repair.clean.pdb,0.0,0.0,24.0,24.0,611.0,20.0,9.0,0.0,5.0,0.0,16.0,37.0,1.0,26.0,20.0
2NYY.mut.355_Repair.clean.pdb,0.0,0.0,25.0,22.0,598.0,19.0,12.0,0.0,5.0,0.0,16.0,36.0,1.0,26.0,22.0
2NYY.mut.356_Repair.clean.pdb,0.0,0.0,23.0,22.0,599.0,18.0,9.0,0.0,5.0,0.0,16.0,35.0,1.0,25.0,20.0
2NYY.mut.357_Repair.clean.pdb,0.0,0.0,28.0,23.0,651.0,21.0,8.0,0.0,10.0,0.0,16.0,40.0,1.0,31.0,20.0
2NYY.mut.358_Repair.clean.pdb,0.0,0.0,24.0,22.0,615.0,17.0,12.0,0.0,5.0,0.0,16.0,39.0,1.0,24.0,22.0
2NYY.mut.359_Repair.clean.pdb,0.0,0.0,24.0,23.0,584.0,19.0,9.0,0.0,5.0,0.0,16.0,34.0,1.0,26.0,19.0
2NYY.mut.360_Repair.clean.pdb,0.0,0.0,23.0,21.0,603.0,19.0,9.0,0.0,5.0,0.0,16.0,35.0,1.0,26.0,19.0
2NYY.mut.361_Repair.clean.pdb,0.0,0.0,24.0,22.0,603.0,19.0,9.0,0.0,5.0,0.0,16.0,35.0,1.0,26.0,20.0
2NYY.mut.362_Repair.clean.pdb,0.0,0.0,30.0,23.0,626.0,23.0,8.0,0.0,8.0,0.0,16.0,37.0,1.0,31.0,17.0
2NYY.mut.363_Repair.clean.pdb,0.0,0.0,26.0,23.0,619.0,21.0,7.0,0.0,7.0,0.0,16.0,35.0,1.0,28.0,17.0
2NYY.mut.364_Repair.clean.pdb,0.0,0.0,24.0,17.0,574.0,14.0,5.0,0.0,5.0,0.0,16.0,34.0,1.0,23.0,16.0
2NYY.mut.365_Repair.clean.pdb,0.0,0.0,24.0,25.0,634.0,20.0,9.0,0.0,5.0,0.0,16.0,35.0,1.0,26.0,20.0
2NYY.mut.366_Repair.clean.pdb,0.0,0.0,30.0,23.0,639.0,21.0,9.0,0.0,10.0,0.0,16.0,35.0,1.0,31.0,20.0
2NYY.mut.367_Repair.clean.pdb,0.0,0.0,25.0,22.0,624.0,19.0,9.0,0.0,5.0,0.0,16.0,36.0,1.0,26.0,20.0
2NYY.mut.368_Repair.clean.pdb,0.0,0.0,35.0,26.0,647.0,22.0,8.0,0.0,7.0,0.0,21.0,37.0,1.0,30.0,26.0
2NZ9.mut.369_Repair.clean.pdb,0.0,0.0,39.0,15.0,646.0,25.0,8.0,0.0,7.0,0.0,29.0,36.0,1.0,35.0,16.0
2NZ9.mut.370_Repair.clean.pdb,0.0,0.0,37.0,14.0,641.0,25.0,8.0,0.0,7.0,0.0,28.0,38.0,1.0,36.0,17.0
2NZ9.mut.371_Repair.clean.pdb,0.0,0.0,31.0,10.0,567.0,18.0,7.0,0.0,6.0,0.0,30.0,37.0,1.0,29.0,12.0
2NZ9.mut.372_Repair.clean.pdb,0.0,0.0,41.0,15.0,655.0,27.0,9.0,0.0,8.0,0.0,30.0,36.0,1.0,37.0,16.0
2NZ9.mut.373_Repair.clean.pdb,0.0,0.0,38.0,18.0,583.0,26.0,8.0,0.0,7.0,0.0,20.0,27.0,1.0,37.0,17.0
2NZ9.mut.374_Repair.clean.pdb,0.0,0.0,35.0,12.0,562.0,24.0,6.0,0.0,2.0,0.0,11.0,36.0,1.0,34.0,15.0
2NZ9.mut.375_Repair.clean.pdb,0.0,0.0,41.0,13.0,651.0,26.0,9.0,0.0,7.0,0.0,28.0,38.0,1.0,37.0,17.0
2NZ9.mut.376_Repair.clean.pdb,0.0,0.0,38.0,17.0,651.0,25.0,10.0,0.0,7.0,0.0,28.0,37.0,1.0,36.0,17.0
2NZ9.mut.377_Repair.clean.pdb,0.0,0.0,39.0,14.0,634.0,25.0,10.0,0.0,6.0,0.0,29.0,37.0,1.0,35.0,17.0
2NZ9.mut.378_Repair.clean.pdb,0.0,0.0,40.0,15.0,646.0,25.0,8.0,0.0,7.0,0.0,29.0,37.0,1.0,37.0,17.0
2NZ9.mut.379_Repair.clean.pdb,0.0,0.0,42.0,16.0,610.0,25.0,10.0,0.0,8.0,0.0,29.0,27.0,1.0,37.0,17.0
2NZ9.mut.380_Repair.clean.pdb,0.0,0.0,38.0,14.0,631.0,25.0,9.0,0.0,7.0,0.0,28.0,37.0,1.0,35.0,17.0
2NZ9.mut.381_Repair.clean.pdb,0.0,0.0,37.0,11.0,620.0,23.0,9.0,0.0,7.0,0.0,29.0,39.0,1.0,33.0,16.0
2NZ9.mut.382_Repair.clean.pdb,0.0,0.0,41.0,18.0,651.0,26.0,8.0,0.0,9.0,0.0,30.0,37.0,1.0,38.0,17.0
2NZ9.mut.383_Repair.clean.pdb,0.0,0.0,33.0,21.0,633.0,26.0,11.0,0.0,7.0,0.0,28.0,41.0,1.0,36.0,19.0
2NZ9.mut.384_Repair.clean.pdb,0.0,0.0,34.0,16.0,608.0,23.0,8.0,0.0,6.0,0.0,28.0,38.0,1.0,33.0,18.0
2NZ9.mut.385_Repair.clean.pdb,0.0,0.0,40.0,14.0,636.0,24.0,9.0,0.0,7.0,0.0,29.0,35.0,1.0,35.0,17.0
2NZ9.mut.386_Repair.clean.pdb,0.0,0.0,36.0,16.0,635.0,26.0,8.0,0.0,7.0,0.0,29.0,38.0,1.0,35.0,16.0
2NZ9.mut.387_Repair.clean.pdb,0.0,0.0,40.0,15.0,624.0,26.0,7.0,0.0,7.0,0.0,28.0,38.0,1.0,37.0,17.0
3BDY.mut.388_Repair.clean.pdb,0.0,0.0,13.0,4.0,496.0,9.0,8.0,0.0,0.0,0.0,10.0,18.0,2.0,12.0,7.0
3BDY.mut.389_Repair.clean.pdb,0.0,0.0,13.0,4.0,496.0,9.0,8.0,0.0,0.0,0.0,9.0,18.0,2.0,12.0,7.0
3BDY.mut.390_Repair.clean.pdb,0.0,0.0,13.0,6.0,499.0,9.0,8.0,0.0,0.0,0.0,9.0,19.0,2.0,12.0,7.0
3BDY.mut.391_Repair.clean.pdb,0.0,0.0,14.0,2.0,502.0,9.0,8.0,0.0,0.0,0.0,9.0,18.0,2.0,12.0,7.0
3BDY.mut.392_Repair.clean.pdb,0.0,0.0,14.0,2.0,501.0,9.0,8.0,0.0,0.0,0.0,9.0,18.0,2.0,12.0,7.0
3BDY.mut.393_Repair.clean.pdb,0.0,0.0,16.0,2.0,509.0,8.0,8.0,0.0,0.0,0.0,9.0,19.0,2.0,12.0,7.0
3BDY.mut.394_Repair.clean.pdb,0.0,0.0,14.0,4.0,497.0,9.0,8.0,0.0,0.0,0.0,9.0,18.0,2.0,12.0,7.0
3BDY.mut.395_Repair.clean.pdb,0.0,0.0,14.0,2.0,500.0,9.0,8.0,0.0,0.0,0.0,9.0,18.0,2.0,12.0,7.0
3BDY.mut.396_Repair.clean.pdb,0.0,0.0,12.0,4.0,487.0,9.0,7.0,0.0,0.0,0.0,9.0,17.0,2.0,11.0,6.0
3BDY.mut.397_Repair.clean.pdb,0.0,0.0,13.0,4.0,495.0,9.0,8.0,0.0,0.0,0.0,10.0,18.0,2.0,12.0,7.0
3BDY.mut.398_Repair.clean.pdb,0.0,0.0,14.0,2.0,500.0,9.0,8.0,0.0,0.0,0.0,9.0,18.0,2.0,12.0,7.0
3BDY.mut.399_Repair.clean.pdb,0.0,0.0,14.0,2.0,500.0,9.0,8.0,0.0,0.0,0.0,9.0,18.0,2.0,12.0,7.0
3BDY.mut.400_Repair.clean.pdb,0.0,0.0,14.0,3.0,469.0,9.0,7.0,0.0,0.0,0.0,9.0,17.0,2.0,11.0,6.0
3BDY.mut.401_Repair.clean.pdb,0.0,0.0,13.0,4.0,412.0,7.0,8.0,0.0,0.0,0.0,9.0,17.0,2.0,11.0,9.0
3BDY.mut.402_Repair.clean.pdb,0.0,0.0,18.0,2.0,492.0,10.0,7.0,0.0,0.0,0.0,13.0,19.0,2.0,12.0,10.0
3BDY.mut.403_Repair.clean.pdb,0.0,0.0,13.0,4.0,483.0,9.0,8.0,0.0,0.0,0.0,6.0,18.0,2.0,12.0,7.0
3BDY.mut.404_Repair.clean.pdb,0.0,0.0,14.0,3.0,499.0,9.0,8.0,0.0,0.0,0.0,9.0,18.0,2.0,12.0,7.0
3BDY.mut.405_Repair.clean.pdb,0.0,0.0,13.0,3.0,489.0,9.0,8.0,0.0,0.0,0.0,9.0,18.0,2.0,12.0,6.0
3BDY.mut.406_Repair.clean.pdb,0.0,0.0,14.0,4.0,497.0,9.0,7.0,0.0,0.0,0.0,9.0,20.0,2.0,12.0,7.0
3BDY.mut.407_Repair.clean.pdb,0.0,0.0,14.0,2.0,500.0,9.0,8.0,0.0,0.0,0.0,9.0,17.0,2.0,12.0,7.0
3BDY.mut.408_Repair.clean.pdb,0.0,0.0,13.0,4.0,493.0,8.0,8.0,0.0,0.0,0.0,13.0,19.0,1.0,10.0,7.0
3BDY.mut.409_Repair.clean.pdb,0.0,0.0,13.0,4.0,499.0,9.0,8.0,0.0,0.0,0.0,9.0,18.0,2.0,12.0,7.0
3BDY.mut.410_Repair.clean.pdb,0.0,0.0,13.0,2.0,486.0,9.0,7.0,0.0,0.0,0.0,9.0,17.0,3.0,12.0,7.0
3BDY.mut.411_Repair.clean.pdb,0.0,0.0,14.0,4.0,497.0,9.0,8.0,0.0,0.0,0.0,9.0,18.0,2.0,12.0,7.0
3BDY.mut.412_Repair.clean.pdb,0.0,0.0,14.0,3.0,497.0,9.0,8.0,0.0,0.0,0.0,9.0,18.0,2.0,12.0,7.0
3BDY.mut.413_Repair.clean.pdb,0.0,0.0,13.0,3.0,491.0,9.0,7.0,0.0,0.0,0.0,9.0,20.0,2.0,12.0,7.0
3BDY.mut.414_Repair.clean.pdb,0.0,0.0,14.0,2.0,496.0,9.0,8.0,0.0,0.0,0.0,9.0,18.0,2.0,12.0,7.0
3BDY.mut.415_Repair.clean.pdb,0.0,0.0,14.0,2.0,500.0,9.0,8.0,0.0,0.0,0.0,9.0,18.0,2.0,12.0,7.0
3BDY.mut.416_Repair.clean.pdb,0.0,0.0,14.0,4.0,487.0,9.0,8.0,0.0,0.0,0.0,13.0,19.0,2.0,11.0,8.0
3BDY.mut.417_Repair.clean.pdb,0.0,0.0,12.0,3.0,475.0,8.0,8.0,0.0,0.0,0.0,9.0,16.0,2.0,10.0,6.0
3BDY.mut.418_Repair.clean.pdb,0.0,0.0,12.0,2.0,476.0,9.0,8.0,0.0,0.0,0.0,9.0,12.0,2.0,12.0,7.0
3BDY.mut.419_Repair.clean.pdb,0.0,0.0,15.0,3.0,512.0,9.0,9.0,0.0,0.0,0.0,14.0,18.0,2.0,12.0,7.0
3BDY.mut.420_Repair.clean.pdb,0.0,0.0,14.0,2.0,497.0,9.0,8.0,0.0,0.0,0.0,9.0,17.0,2.0,12.0,7.0
3BDY.mut.421_Repair.clean.pdb,0.0,0.0,13.0,4.0,474.0,9.0,9.0,0.0,0.0,0.0,6.0,17.0,2.0,11.0,6.0
3BE1.mut.422_Repair.clean.pdb,0.0,0.0,10.0,10.0,366.0,8.0,6.0,0.0,4.0,0.0,8.0,42.0,1.0,11.0,11.0
3BE1.mut.423_Repair.clean.pdb,0.0,0.0,10.0,9.0,351.0,8.0,4.0,0.0,4.0,0.0,5.0,39.0,1.0,11.0,11.0
3BE1.mut.424_Repair.clean.pdb,0.0,0.0,13.0,11.0,365.0,8.0,5.0,0.0,4.0,0.0,7.0,44.0,1.0,10.0,12.0
3BE1.mut.425_Repair.clean.pdb,0.0,0.0,12.0,9.0,365.0,8.0,6.0,0.0,4.0,0.0,8.0,43.0,1.0,10.0,11.0
3BE1.mut.426_Repair.clean.pdb,0.0,0.0,12.0,10.0,364.0,8.0,6.0,0.0,4.0,0.0,8.0,44.0,1.0,10.0,11.0
3BE1.mut.427_Repair.clean.pdb,0.0,0.0,9.0,10.0,370.0,8.0,5.0,0.0,4.0,0.0,10.0,45.0,1.0,9.0,9.0
3BE1.mut.428_Repair.clean.pdb,0.0,0.0,9.0,10.0,360.0,8.0,5.0,0.0,4.0,0.0,5.0,42.0,1.0,10.0,10.0
3BE1.mut.429_Repair.clean.pdb,0.0,0.0,10.0,9.0,347.0,8.0,6.0,0.0,4.0,0.0,8.0,42.0,1.0,11.0,11.0
3BE1.mut.430_Repair.clean.pdb,0.0,0.0,11.0,10.0,359.0,7.0,6.0,0.0,5.0,0.0,7.0,42.0,1.0,9.0,9.0
3BE1.mut.431_Repair.clean.pdb,0.0,0.0,12.0,10.0,363.0,8.0,6.0,0.0,4.0,0.0,9.0,42.0,1.0,10.0,12.0
3BE1.mut.432_Repair.clean.pdb,0.0,0.0,13.0,5.0,380.0,9.0,6.0,0.0,8.0,0.0,8.0,42.0,1.0,12.0,12.0
3BE1.mut.433_Repair.clean.pdb,0.0,0.0,13.0,5.0,381.0,9.0,6.0,0.0,8.0,0.0,8.0,42.0,1.0,12.0,11.0
3BE1.mut.434_Repair.clean.pdb,0.0,0.0,9.0,10.0,345.0,8.0,4.0,0.0,4.0,0.0,3.0,36.0,1.0,11.0,12.0
3BE1.mut.435_Repair.clean.pdb,0.0,0.0,7.0,10.0,301.0,8.0,4.0,0.0,4.0,0.0,5.0,37.0,1.0,9.0,8.0
3BE1.mut.436_Repair.clean.pdb,0.0,0.0,10.0,5.0,339.0,8.0,5.0,0.0,5.0,0.0,5.0,39.0,1.0,10.0,9.0
3BE1.mut.437_Repair.clean.pdb,0.0,0.0,15.0,8.0,389.0,9.0,4.0,0.0,8.0,0.0,4.0,41.0,1.0,12.0,11.0
3BE1.mut.438_Repair.clean.pdb,0.0,0.0,12.0,6.0,330.0,9.0,3.0,0.0,4.0,0.0,5.0,34.0,1.0,11.0,12.0
3BE1.mut.439_Repair.clean.pdb,0.0,0.0,11.0,10.0,365.0,8.0,6.0,0.0,4.0,0.0,8.0,43.0,1.0,10.0,11.0
3BE1.mut.440_Repair.clean.pdb,0.0,0.0,12.0,9.0,363.0,7.0,6.0,0.0,4.0,0.0,8.0,43.0,1.0,9.0,11.0
3BE1.mut.441_Repair.clean.pdb,0.0,0.0,12.0,9.0,366.0,8.0,6.0,0.0,4.0,0.0,8.0,43.0,1.0,10.0,11.0
3BE1.mut.442_Repair.clean.pdb,0.0,0.0,12.0,9.0,356.0,7.0,7.0,0.0,4.0,0.0,8.0,42.0,0.0,9.0,12.0
3BE1.mut.443_Repair.clean.pdb,0.0,0.0,11.0,11.0,365.0,8.0,6.0,0.0,4.0,0.0,8.0,42.0,1.0,10.0,11.0
3BE1.mut.444_Repair.clean.pdb,0.0,0.0,12.0,10.0,364.0,8.0,6.0,0.0,4.0,0.0,8.0,42.0,1.0,10.0,11.0
3BE1.mut.445_Repair.clean.pdb,0.0,0.0,12.0,9.0,364.0,8.0,6.0,0.0,4.0,0.0,8.0,43.0,1.0,10.0,11.0
3BE1.mut.446_Repair.clean.pdb,0.0,0.0,9.0,11.0,343.0,8.0,4.0,0.0,4.0,0.0,5.0,41.0,1.0,11.0,12.0
3BE1.mut.447_Repair.clean.pdb,0.0,0.0,12.0,9.0,365.0,8.0,6.0,0.0,4.0,0.0,8.0,43.0,1.0,10.0,11.0
3BE1.mut.448_Repair.clean.pdb,0.0,0.0,14.0,11.0,376.0,8.0,6.0,0.0,4.0,0.0,8.0,43.0,1.0,10.0,11.0
3BE1.mut.449_Repair.clean.pdb,0.0,0.0,12.0,9.0,365.0,8.0,6.0,0.0,4.0,0.0,8.0,43.0,1.0,10.0,11.0
3BE1.mut.450_Repair.clean.pdb,0.0,0.0,12.0,10.0,348.0,8.0,6.0,0.0,4.0,0.0,8.0,43.0,1.0,10.0,11.0
3BE1.mut.451_Repair.clean.pdb,0.0,0.0,7.0,10.0,350.0,9.0,4.0,0.0,4.0,0.0,5.0,40.0,1.0,10.0,10.0
3BE1.mut.452_Repair.clean.pdb,0.0,0.0,14.0,11.0,356.0,8.0,6.0,0.0,4.0,0.0,8.0,40.0,1.0,10.0,11.0
3BE1.mut.453_Repair.clean.pdb,0.0,0.0,10.0,9.0,308.0,7.0,5.0,0.0,4.0,0.0,8.0,32.0,1.0,10.0,10.0
3BE1.mut.454_Repair.clean.pdb,0.0,0.0,14.0,11.0,365.0,7.0,6.0,0.0,4.0,0.0,8.0,45.0,1.0,9.0,11.0
3BE1.mut.455_Repair.clean.pdb,0.0,0.0,11.0,7.0,347.0,8.0,6.0,0.0,4.0,0.0,8.0,37.0,1.0,10.0,12.0
3BN9.mut.456_Repair.clean.pdb,0.0,0.0,26.0,11.0,672.0,15.0,10.0,0.0,0.0,0.0,8.0,43.0,0.0,21.0,20.0
3BN9.mut.457_Repair.clean.pdb,0.0,0.0,26.0,13.0,689.0,16.0,8.0,0.0,0.0,0.0,9.0,43.0,0.0,22.0,20.0
3BN9.mut.458_Repair.clean.pdb,0.0,0.0,23.0,11.0,654.0,15.0,10.0,0.0,0.0,0.0,8.0,43.0,0.0,18.0,18.0
3BN9.mut.459_Repair.clean.pdb,0.0,0.0,19.0,13.0,659.0,13.0,8.0,0.0,1.0,0.0,8.0,43.0,0.0,17.0,18.0
3BN9.mut.460_Repair.clean.pdb,0.0,0.0,26.0,12.0,685.0,16.0,10.0,0.0,0.0,0.0,8.0,43.0,0.0,22.0,21.0
3BN9.mut.461_Repair.clean.pdb,0.0,0.0,25.0,13.0,701.0,16.0,9.0,0.0,1.0,0.0,9.0,44.0,0.0,23.0,19.0
3BN9.mut.462_Repair.clean.pdb,0.0,0.0,26.0,12.0,690.0,16.0,9.0,0.0,0.0,0.0,8.0,43.0,0.0,22.0,21.0
3BN9.mut.463_Repair.clean.pdb,0.0,0.0,27.0,12.0,629.0,15.0,10.0,0.0,0.0,0.0,4.0,31.0,1.0,21.0,18.0
3BN9.mut.464_Repair.clean.pdb,0.0,0.0,25.0,12.0,686.0,16.0,9.0,0.0,0.0,0.0,8.0,43.0,0.0,22.0,21.0
3BN9.mut.465_Repair.clean.pdb,0.0,0.0,29.0,9.0,680.0,17.0,10.0,0.0,0.0,0.0,7.0,42.0,0.0,24.0,21.0
3BN9.mut.466_Repair.clean.pdb,0.0,0.0,26.0,12.0,687.0,16.0,9.0,0.0,0.0,0.0,8.0,43.0,0.0,22.0,21.0
3BN9.mut.467_Repair.clean.pdb,0.0,0.0,25.0,11.0,681.0,16.0,10.0,0.0,0.0,0.0,8.0,43.0,0.0,22.0,20.0
3BN9.mut.468_Repair.clean.pdb,0.0,0.0,26.0,12.0,688.0,16.0,9.0,0.0,0.0,0.0,8.0,43.0,0.0,22.0,21.0
3BN9.mut.469_Repair.clean.pdb,0.0,0.0,24.0,12.0,675.0,14.0,9.0,0.0,0.0,0.0,8.0,42.0,0.0,19.0,21.0
3BN9.mut.470_Repair.clean.pdb,0.0,0.0,29.0,9.0,680.0,17.0,10.0,0.0,0.0,0.0,7.0,42.0,0.0,24.0,21.0
3BN9.mut.471_Repair.clean.pdb,0.0,0.0,25.0,11.0,659.0,16.0,9.0,0.0,0.0,0.0,8.0,41.0,0.0,22.0,20.0
3BN9.mut.472_Repair.clean.pdb,0.0,0.0,25.0,12.0,649.0,16.0,8.0,0.0,0.0,0.0,8.0,41.0,0.0,22.0,20.0
3BN9.mut.473_Repair.clean.pdb,0.0,0.0,26.0,11.0,684.0,15.0,10.0,0.0,0.0,0.0,8.0,43.0,0.0,22.0,20.0
3BN9.mut.474_Repair.clean.pdb,0.0,0.0,28.0,10.0,679.0,17.0,10.0,0.0,0.0,0.0,7.0,42.0,0.0,25.0,21.0
3BN9.mut.475_Repair.clean.pdb,0.0,0.0,25.0,12.0,687.0,16.0,10.0,0.0,0.0,0.0,8.0,43.0,0.0,22.0,20.0
3BN9.mut.476_Repair.clean.pdb,0.0,0.0,25.0,11.0,669.0,16.0,9.0,0.0,0.0,0.0,9.0,42.0,0.0,21.0,20.0
3BN9.mut.477_Repair.clean.pdb,0.0,0.0,29.0,9.0,680.0,17.0,10.0,0.0,0.0,0.0,7.0,42.0,0.0,24.0,21.0
3BN9.mut.478_Repair.clean.pdb,0.0,0.0,26.0,14.0,689.0,16.0,9.0,0.0,0.0,0.0,9.0,43.0,0.0,22.0,21.0
3BN9.mut.479_Repair.clean.pdb,0.0,0.0,26.0,10.0,684.0,16.0,10.0,0.0,1.0,0.0,8.0,43.0,0.0,23.0,20.0
3BN9.mut.480_Repair.clean.pdb,0.0,0.0,27.0,14.0,683.0,17.0,10.0,0.0,0.0,0.0,8.0,44.0,0.0,21.0,21.0
3BN9.mut.481_Repair.clean.pdb,0.0,0.0,20.0,11.0,593.0,14.0,9.0,0.0,0.0,0.0,4.0,31.0,0.0,20.0,17.0
3BN9.mut.482_Repair.clean.pdb,0.0,0.0,28.0,10.0,685.0,17.0,12.0,0.0,0.0,0.0,7.0,42.0,0.0,24.0,21.0
3BN9.mut.483_Repair.clean.pdb,0.0,0.0,29.0,12.0,692.0,16.0,9.0,0.0,0.0,0.0,9.0,43.0,0.0,23.0,20.0
3BN9.mut.484_Repair.clean.pdb,0.0,0.0,26.0,11.0,688.0,16.0,10.0,0.0,0.0,0.0,8.0,45.0,0.0,22.0,22.0
3BN9.mut.485_Repair.clean.pdb,0.0,0.0,24.0,8.0,637.0,15.0,9.0,0.0,3.0,0.0,8.0,43.0,0.0,18.0,19.0
3BN9.mut.486_Repair.clean.pdb,0.0,0.0,24.0,8.0,661.0,15.0,9.0,0.0,4.0,0.0,8.0,43.0,0.0,18.0,19.0
3BN9.mut.487_Repair.clean.pdb,0.0,0.0,28.0,10.0,707.0,15.0,9.0,0.0,0.0,0.0,8.0,44.0,0.0,21.0,19.0
3BN9.mut.488_Repair.clean.pdb,0.0,0.0,26.0,13.0,687.0,17.0,9.0,0.0,0.0,0.0,8.0,43.0,0.0,23.0,20.0
3BN9.mut.489_Repair.clean.pdb,0.0,0.0,28.0,11.0,690.0,15.0,11.0,0.0,0.0,0.0,7.0,42.0,0.0,21.0,21.0
3BN9.mut.490_Repair.clean.pdb,0.0,0.0,26.0,10.0,649.0,15.0,9.0,0.0,0.0,0.0,4.0,34.0,0.0,21.0,21.0
3HFM.mut.491_Repair.clean.pdb,0.0,0.0,19.0,15.0,470.0,10.0,8.0,0.0,1.0,0.0,0.0,8.0,0.0,16.0,14.0
3HFM.mut.492_Repair.clean.pdb,0.0,0.0,18.0,16.0,478.0,11.0,6.0,0.0,1.0,0.0,0.0,7.0,0.0,17.0,13.0
3HFM.mut.493_Repair.clean.pdb,0.0,0.0,20.0,10.0,474.0,11.0,6.0,0.0,0.0,0.0,0.0,7.0,0.0,17.0,13.0
3HFM.mut.494_Repair.clean.pdb,0.0,0.0,21.0,13.0,480.0,11.0,5.0,0.0,0.0,0.0,0.0,7.0,0.0,18.0,14.0
3HFM.mut.495_Repair.clean.pdb,0.0,0.0,22.0,14.0,488.0,10.0,7.0,0.0,1.0,0.0,6.0,20.0,0.0,16.0,15.0
3HFM.mut.496_Repair.clean.pdb,0.0,0.0,19.0,11.0,430.0,9.0,5.0,0.0,1.0,0.0,0.0,4.0,0.0,14.0,12.0
3HFM.mut.497_Repair.clean.pdb,0.0,0.0,14.0,14.0,493.0,10.0,6.0,0.0,1.0,0.0,0.0,22.0,0.0,13.0,12.0
3HFM.mut.498_Repair.clean.pdb,0.0,0.0,18.0,8.0,435.0,9.0,5.0,0.0,1.0,0.0,0.0,8.0,0.0,14.0,11.0
3HFM.mut.499_Repair.clean.pdb,0.0,0.0,19.0,7.0,465.0,9.0,2.0,0.0,0.0,0.0,0.0,9.0,0.0,15.0,12.0
3HFM.mut.500_Repair.clean.pdb,0.0,0.0,17.0,8.0,478.0,9.0,3.0,0.0,0.0,0.0,0.0,7.0,0.0,15.0,12.0
3HFM.mut.501_Repair.clean.pdb,0.0,0.0,17.0,18.0,471.0,10.0,8.0,0.0,0.0,0.0,0.0,10.0,0.0,15.0,14.0
3HFM.mut.502_Repair.clean.pdb,0.0,0.0,15.0,17.0,465.0,10.0,4.0,0.0,1.0,0.0,0.0,8.0,0.0,16.0,13.0
3HFM.mut.503_Repair.clean.pdb,0.0,0.0,16.0,14.0,437.0,11.0,7.0,0.0,1.0,0.0,0.0,4.0,0.0,16.0,11.0
3HFM.mut.504_Repair.clean.pdb,0.0,0.0,21.0,14.0,464.0,10.0,6.0,0.0,0.0,0.0,0.0,9.0,0.0,16.0,15.0
3HFM.mut.505_Repair.clean.pdb,0.0,0.0,16.0,9.0,447.0,10.0,7.0,0.0,0.0,0.0,0.0,6.0,0.0,15.0,10.0
3HFM.mut.506_Repair.clean.pdb,0.0,0.0,17.0,14.0,450.0,10.0,4.0,0.0,1.0,0.0,0.0,6.0,0.0,15.0,13.0
3HFM.mut.507_Repair.clean.pdb,0.0,0.0,16.0,17.0,465.0,11.0,4.0,0.0,1.0,0.0,0.0,6.0,0.0,16.0,13.0
3HFM.mut.508_Repair.clean.pdb,0.0,0.0,16.0,13.0,461.0,11.0,3.0,0.0,1.0,0.0,0.0,6.0,0.0,16.0,11.0
3HFM.mut.509_Repair.clean.pdb,0.0,0.0,20.0,16.0,469.0,11.0,6.0,0.0,0.0,0.0,0.0,7.0,0.0,17.0,14.0
3HFM.mut.510_Repair.clean.pdb,0.0,0.0,21.0,13.0,480.0,11.0,6.0,0.0,0.0,0.0,0.0,7.0,0.0,17.0,14.0
3HFM.mut.511_Repair.clean.pdb,0.0,0.0,17.0,13.0,410.0,8.0,6.0,0.0,0.0,0.0,0.0,7.0,0.0,13.0,15.0
3HFM.mut.512_Repair.clean.pdb,0.0,0.0,17.0,11.0,442.0,9.0,6.0,0.0,1.0,0.0,0.0,10.0,0.0,14.0,12.0
3K2M.mut.513_Repair.clean.pdb,0.0,0.0,11.0,7.0,373.0,8.0,4.0,0.0,6.0,0.0,0.0,30.0,0.0,16.0,7.0
3K2M.mut.514_Repair.clean.pdb,0.0,0.0,16.0,7.0,393.0,11.0,2.0,0.0,7.0,0.0,3.0,26.0,0.0,17.0,12.0
3K2M.mut.515_Repair.clean.pdb,0.0,0.0,13.0,7.0,362.0,8.0,4.0,0.0,5.0,0.0,0.0,31.0,0.0,15.0,10.0
3K2M.mut.516_Repair.clean.pdb,0.0,0.0,12.0,4.0,350.0,9.0,4.0,0.0,7.0,0.0,0.0,27.0,0.0,16.0,9.0
3K2M.mut.517_Repair.clean.pdb,0.0,0.0,14.0,4.0,370.0,10.0,4.0,0.0,7.0,0.0,0.0,31.0,0.0,16.0,11.0
3K2M.mut.518_Repair.clean.pdb,0.0,0.0,11.0,6.0,335.0,11.0,5.0,0.0,9.0,0.0,3.0,24.0,0.0,14.0,7.0
3K2M.mut.519_Repair.clean.pdb,0.0,0.0,11.0,6.0,306.0,9.0,3.0,0.0,6.0,0.0,0.0,27.0,1.0,16.0,9.0
3NGB.mut.520_Repair.clean.pdb,0.0,0.0,21.0,5.0,492.0,17.0,5.0,0.0,6.0,0.0,0.0,14.0,0.0,19.0,6.0
3NGB.mut.521_Repair.clean.pdb,0.0,0.0,28.0,8.0,543.0,18.0,6.0,0.0,6.0,0.0,0.0,14.0,0.0,24.0,13.0
3NGB.mut.522_Repair.clean.pdb,0.0,0.0,26.0,7.0,528.0,18.0,6.0,0.0,6.0,0.0,0.0,14.0,0.0,22.0,11.0
3NGB.mut.523_Repair.clean.pdb,0.0,0.0,21.0,6.0,491.0,16.0,6.0,0.0,6.0,0.0,0.0,13.0,0.0,19.0,8.0
3NGB.mut.524_Repair.clean.pdb,0.0,0.0,22.0,6.0,500.0,17.0,6.0,0.0,6.0,0.0,0.0,14.0,0.0,20.0,8.0
3NGB.mut.525_Repair.clean.pdb,0.0,0.0,21.0,6.0,491.0,16.0,6.0,0.0,6.0,0.0,0.0,14.0,0.0,20.0,8.0
3NGB.mut.526_Repair.clean.pdb,0.0,0.0,21.0,6.0,435.0,15.0,5.0,0.0,6.0,0.0,0.0,12.0,0.0,17.0,7.0
3NGB.mut.527_Repair.clean.pdb,0.0,0.0,21.0,7.0,538.0,18.0,8.0,0.0,6.0,0.0,0.0,13.0,0.0,21.0,10.0
3NGB.mut.528_Repair.clean.pdb,0.0,0.0,21.0,5.0,490.0,17.0,5.0,0.0,6.0,0.0,0.0,14.0,0.0,19.0,8.0
3NGB.mut.529_Repair.clean.pdb,0.0,0.0,22.0,7.0,498.0,17.0,6.0,0.0,6.0,0.0,0.0,13.0,0.0,20.0,8.0
3NGB.mut.530_Repair.clean.pdb,0.0,0.0,23.0,6.0,501.0,17.0,6.0,0.0,6.0,0.0,0.0,14.0,0.0,20.0,9.0
3NPS.mut.531_Repair.clean.pdb,0.0,0.0,26.0,11.0,664.0,16.0,5.0,0.0,8.0,0.0,10.0,44.0,0.0,27.0,5.0
3NPS.mut.532_Repair.clean.pdb,0.0,0.0,25.0,11.0,654.0,16.0,5.0,0.0,8.0,0.0,9.0,43.0,0.0,27.0,5.0
3NPS.mut.533_Repair.clean.pdb,0.0,0.0,27.0,9.0,673.0,16.0,5.0,0.0,8.0,0.0,9.0,43.0,0.0,29.0,6.0
3NPS.mut.534_Repair.clean.pdb,0.0,0.0,24.0,11.0,661.0,16.0,6.0,0.0,5.0,0.0,9.0,44.0,0.0,25.0,5.0
3NPS.mut.535_Repair.clean.pdb,0.0,0.0,25.0,11.0,659.0,16.0,5.0,0.0,8.0,0.0,9.0,43.0,0.0,27.0,5.0
3NPS.mut.536_Repair.clean.pdb,0.0,0.0,25.0,12.0,659.0,16.0,6.0,0.0,8.0,0.0,9.0,43.0,0.0,26.0,6.0
3NPS.mut.537_Repair.clean.pdb,0.0,0.0,25.0,10.0,665.0,16.0,5.0,0.0,8.0,0.0,9.0,43.0,0.0,27.0,5.0
3NPS.mut.538_Repair.clean.pdb,0.0,0.0,24.0,9.0,590.0,17.0,5.0,0.0,8.0,0.0,9.0,22.0,0.0,26.0,5.0
3NPS.mut.539_Repair.clean.pdb,0.0,0.0,22.0,12.0,647.0,15.0,4.0,0.0,8.0,0.0,5.0,43.0,0.0,26.0,5.0
3NPS.mut.540_Repair.clean.pdb,0.0,0.0,25.0,11.0,658.0,16.0,5.0,0.0,8.0,0.0,9.0,43.0,0.0,26.0,5.0
3NPS.mut.541_Repair.clean.pdb,0.0,0.0,26.0,11.0,659.0,17.0,6.0,0.0,7.0,0.0,9.0,44.0,0.0,28.0,5.0
3NPS.mut.542_Repair.clean.pdb,0.0,0.0,26.0,10.0,658.0,16.0,5.0,0.0,8.0,0.0,10.0,43.0,0.0,27.0,7.0
3NPS.mut.543_Repair.clean.pdb,0.0,0.0,25.0,11.0,658.0,16.0,5.0,0.0,8.0,0.0,9.0,43.0,0.0,26.0,5.0
3NPS.mut.544_Repair.clean.pdb,0.0,0.0,26.0,10.0,660.0,16.0,5.0,0.0,8.0,0.0,9.0,44.0,0.0,26.0,5.0
3NPS.mut.545_Repair.clean.pdb,0.0,0.0,25.0,11.0,658.0,16.0,5.0,0.0,8.0,0.0,10.0,43.0,0.0,27.0,5.0
3NPS.mut.546_Repair.clean.pdb,0.0,0.0,26.0,10.0,648.0,16.0,5.0,0.0,8.0,0.0,9.0,42.0,0.0,26.0,5.0
3NPS.mut.547_Repair.clean.pdb,0.0,0.0,24.0,12.0,631.0,16.0,5.0,0.0,8.0,0.0,10.0,39.0,0.0,27.0,7.0
3NPS.mut.548_Repair.clean.pdb,0.0,0.0,25.0,10.0,659.0,16.0,5.0,0.0,8.0,0.0,10.0,43.0,0.0,27.0,7.0
3NPS.mut.549_Repair.clean.pdb,0.0,0.0,27.0,11.0,664.0,16.0,4.0,0.0,8.0,0.0,9.0,43.0,0.0,28.0,7.0
3NPS.mut.550_Repair.clean.pdb,0.0,0.0,25.0,13.0,654.0,16.0,6.0,0.0,8.0,0.0,10.0,43.0,0.0,27.0,6.0
3NPS.mut.551_Repair.clean.pdb,0.0,0.0,24.0,9.0,618.0,15.0,4.0,0.0,5.0,0.0,9.0,43.0,0.0,24.0,5.0
3NPS.mut.552_Repair.clean.pdb,0.0,0.0,28.0,10.0,671.0,17.0,5.0,0.0,8.0,0.0,9.0,45.0,0.0,30.0,5.0
3NPS.mut.553_Repair.clean.pdb,0.0,0.0,26.0,11.0,660.0,16.0,5.0,0.0,8.0,0.0,9.0,43.0,0.0,27.0,5.0
3NPS.mut.554_Repair.clean.pdb,0.0,0.0,25.0,11.0,657.0,16.0,5.0,0.0,8.0,0.0,9.0,43.0,0.0,27.0,5.0
3NPS.mut.555_Repair.clean.pdb,0.0,0.0,26.0,12.0,656.0,16.0,5.0,0.0,8.0,0.0,9.0,44.0,0.0,26.0,6.0
3NPS.mut.556_Repair.clean.pdb,0.0,0.0,21.0,11.0,599.0,15.0,4.0,0.0,8.0,0.0,7.0,38.0,0.0,25.0,4.0
3NPS.mut.557_Repair.clean.pdb,0.0,0.0,28.0,10.0,662.0,17.0,5.0,0.0,8.0,0.0,9.0,45.0,0.0,30.0,5.0
HM_1KTZ.mut.558_Repair.clean.pdb,0.0,0.0,8.0,1.0,253.0,7.0,2.0,0.0,12.0,0.0,0.0,25.0,1.0,10.0,4.0
HM_1KTZ.mut.559_Repair.clean.pdb,0.0,0.0,6.0,2.0,246.0,6.0,2.0,0.0,6.0,0.0,0.0,27.0,1.0,7.0,4.0
HM_1KTZ.mut.560_Repair.clean.pdb,0.0,0.0,6.0,2.0,253.0,7.0,2.0,0.0,6.0,0.0,0.0,25.0,1.0,9.0,3.0
HM_1KTZ.mut.561_Repair.clean.pdb,0.0,0.0,6.0,1.0,224.0,4.0,1.0,0.0,6.0,0.0,0.0,25.0,1.0,7.0,3.0
HM_1KTZ.mut.562_Repair.clean.pdb,0.0,0.0,8.0,1.0,243.0,4.0,1.0,0.0,6.0,0.0,0.0,25.0,1.0,7.0,3.0
HM_1KTZ.mut.563_Repair.clean.pdb,0.0,0.0,8.0,1.0,251.0,7.0,2.0,0.0,12.0,0.0,0.0,24.0,1.0,10.0,3.0
HM_1KTZ.mut.564_Repair.clean.pdb,0.0,0.0,8.0,1.0,260.0,8.0,2.0,0.0,12.0,0.0,0.0,25.0,1.0,11.0,3.0
HM_1KTZ.mut.565_Repair.clean.pdb,0.0,0.0,8.0,1.0,250.0,7.0,2.0,0.0,12.0,0.0,0.0,26.0,1.0,10.0,3.0
HM_1KTZ.mut.566_Repair.clean.pdb,0.0,0.0,8.0,1.0,205.0,7.0,2.0,0.0,12.0,0.0,0.0,22.0,1.0,10.0,3.0
HM_1KTZ.mut.567_Repair.clean.pdb,0.0,0.0,8.0,3.0,261.0,7.0,2.0,0.0,12.0,0.0,0.0,27.0,1.0,10.0,3.0
HM_1KTZ.mut.568_Repair.clean.pdb,0.0,0.0,8.0,2.0,250.0,7.0,2.0,0.0,12.0,0.0,0.0,26.0,1.0,10.0,3.0
HM_1KTZ.mut.569_Repair.clean.pdb,0.0,0.0,8.0,1.0,236.0,7.0,2.0,0.0,12.0,0.0,0.0,18.0,1.0,10.0,3.0
HM_1KTZ.mut.570_Repair.clean.pdb,0.0,0.0,7.0,2.0,231.0,7.0,2.0,0.0,12.0,0.0,0.0,18.0,0.0,10.0,3.0
HM_1KTZ.mut.571_Repair.clean.pdb,0.0,0.0,8.0,2.0,259.0,8.0,3.0,0.0,13.0,0.0,0.0,26.0,1.0,10.0,3.0
HM_1KTZ.mut.572_Repair.clean.pdb,0.0,0.0,8.0,2.0,252.0,7.0,2.0,0.0,12.0,0.0,0.0,25.0,1.0,10.0,4.0
HM_1KTZ.mut.573_Repair.clean.pdb,0.0,0.0,8.0,2.0,246.0,7.0,1.0,0.0,12.0,0.0,0.0,26.0,1.0,10.0,3.0
HM_1KTZ.mut.574_Repair.clean.pdb,0.0,0.0,8.0,1.0,249.0,7.0,2.0,0.0,12.0,0.0,0.0,26.0,1.0,10.0,3.0
HM_1KTZ.mut.575_Repair.clean.pdb,0.0,0.0,7.0,1.0,245.0,6.0,2.0,0.0,12.0,0.0,0.0,26.0,1.0,8.0,2.0
HM_1KTZ.mut.576_Repair.clean.pdb,0.0,0.0,9.0,6.0,271.0,6.0,3.0,0.0,12.0,0.0,0.0,25.0,1.0,8.0,5.0
HM_1KTZ.mut.577_Repair.clean.pdb,0.0,0.0,8.0,2.0,238.0,7.0,1.0,0.0,12.0,0.0,0.0,25.0,1.0,10.0,3.0
HM_1KTZ.mut.578_Repair.clean.pdb,0.0,0.0,8.0,2.0,246.0,7.0,1.0,0.0,12.0,0.0,0.0,26.0,1.0,10.0,3.0
HM_1KTZ.mut.579_Repair.clean.pdb,0.0,0.0,8.0,1.0,248.0,7.0,2.0,0.0,12.0,0.0,0.0,27.0,1.0,10.0,3.0
HM_1YY9.mut.580_Repair.clean.pdb,0.0,0.0,17.0,18.0,509.0,12.0,7.0,0.0,1.0,0.0,13.0,39.0,1.0,15.0,20.0
HM_1YY9.mut.581_Repair.clean.pdb,0.0,0.0,18.0,16.0,514.0,11.0,6.0,0.0,1.0,0.0,13.0,42.0,1.0,14.0,20.0
HM_1YY9.mut.582_Repair.clean.pdb,0.0,0.0,19.0,16.0,512.0,12.0,6.0,0.0,1.0,0.0,13.0,38.0,1.0,15.0,20.0
HM_1YY9.mut.583_Repair.clean.pdb,0.0,0.0,19.0,16.0,515.0,12.0,6.0,0.0,1.0,0.0,13.0,38.0,1.0,15.0,20.0
HM_1YY9.mut.584_Repair.clean.pdb,0.0,0.0,14.0,15.0,503.0,11.0,6.0,0.0,0.0,0.0,13.0,40.0,1.0,14.0,15.0
HM_1YY9.mut.585_Repair.clean.pdb,0.0,0.0,19.0,16.0,514.0,12.0,6.0,0.0,1.0,0.0,13.0,38.0,1.0,15.0,20.0
HM_1YY9.mut.586_Repair.clean.pdb,0.0,0.0,19.0,16.0,516.0,12.0,6.0,0.0,1.0,0.0,13.0,38.0,1.0,15.0,20.0
HM_1YY9.mut.587_Repair.clean.pdb,0.0,0.0,18.0,15.0,511.0,11.0,6.0,0.0,1.0,0.0,13.0,44.0,1.0,15.0,20.0
HM_1YY9.mut.588_Repair.clean.pdb,0.0,0.0,19.0,16.0,515.0,12.0,6.0,0.0,1.0,0.0,13.0,38.0,1.0,15.0,20.0
HM_1YY9.mut.589_Repair.clean.pdb,0.0,0.0,20.0,14.0,512.0,12.0,7.0,0.0,1.0,0.0,12.0,41.0,1.0,15.0,18.0
HM_1YY9.mut.590_Repair.clean.pdb,0.0,0.0,20.0,16.0,514.0,12.0,6.0,0.0,1.0,0.0,13.0,38.0,1.0,15.0,20.0
HM_1YY9.mut.591_Repair.clean.pdb,0.0,0.0,19.0,15.0,528.0,12.0,7.0,0.0,1.0,0.0,13.0,40.0,1.0,15.0,21.0
HM_1YY9.mut.592_Repair.clean.pdb,0.0,0.0,25.0,16.0,521.0,12.0,6.0,0.0,1.0,0.0,13.0,41.0,1.0,16.0,23.0
HM_1YY9.mut.593_Repair.clean.pdb,0.0,0.0,19.0,16.0,515.0,12.0,6.0,0.0,1.0,0.0,13.0,38.0,1.0,15.0,20.0
HM_1YY9.mut.594_Repair.clean.pdb,0.0,0.0,20.0,16.0,514.0,12.0,7.0,0.0,1.0,0.0,13.0,38.0,1.0,15.0,20.0
HM_1YY9.mut.595_Repair.clean.pdb,0.0,0.0,19.0,16.0,515.0,12.0,6.0,0.0,1.0,0.0,13.0,38.0,1.0,15.0,20.0
HM_2NYY.mut.596_Repair.clean.pdb,0.0,0.0,19.0,20.0,585.0,16.0,11.0,0.0,7.0,0.0,7.0,39.0,1.0,24.0,16.0
HM_2NYY.mut.597_Repair.clean.pdb,0.0,0.0,24.0,19.0,578.0,14.0,8.0,0.0,5.0,0.0,7.0,41.0,1.0,23.0,16.0
HM_2NYY.mut.598_Repair.clean.pdb,0.0,0.0,23.0,14.0,560.0,12.0,8.0,0.0,6.0,0.0,7.0,44.0,1.0,21.0,15.0
HM_2NYY.mut.599_Repair.clean.pdb,0.0,0.0,26.0,17.0,558.0,16.0,12.0,0.0,7.0,0.0,0.0,36.0,1.0,23.0,21.0
HM_2NYY.mut.600_Repair.clean.pdb,0.0,0.0,24.0,19.0,619.0,15.0,10.0,0.0,6.0,0.0,7.0,46.0,1.0,25.0,19.0
HM_2NYY.mut.601_Repair.clean.pdb,0.0,0.0,22.0,15.0,573.0,14.0,9.0,0.0,3.0,0.0,7.0,34.0,1.0,23.0,15.0
HM_2NYY.mut.602_Repair.clean.pdb,0.0,0.0,23.0,15.0,573.0,14.0,11.0,0.0,5.0,0.0,7.0,31.0,1.0,24.0,15.0
HM_2NYY.mut.603_Repair.clean.pdb,0.0,0.0,25.0,16.0,585.0,16.0,7.0,0.0,6.0,0.0,7.0,28.0,1.0,26.0,17.0
HM_2NYY.mut.604_Repair.clean.pdb,0.0,0.0,22.0,16.0,555.0,15.0,9.0,0.0,3.0,0.0,7.0,41.0,1.0,21.0,13.0
HM_2NYY.mut.605_Repair.clean.pdb,0.0,0.0,26.0,14.0,598.0,16.0,10.0,0.0,7.0,0.0,7.0,43.0,1.0,24.0,19.0
HM_2NYY.mut.606_Repair.clean.pdb,0.0,0.0,25.0,14.0,571.0,16.0,9.0,0.0,6.0,0.0,7.0,31.0,1.0,24.0,15.0
HM_2NYY.mut.607_Repair.clean.pdb,0.0,0.0,20.0,18.0,577.0,15.0,13.0,0.0,3.0,0.0,7.0,41.0,1.0,25.0,15.0
HM_2NYY.mut.608_Repair.clean.pdb,0.0,0.0,16.0,13.0,463.0,12.0,9.0,0.0,0.0,0.0,7.0,25.0,1.0,18.0,14.0
HM_2NYY.mut.609_Repair.clean.pdb,0.0,0.0,23.0,21.0,571.0,15.0,8.0,0.0,5.0,0.0,7.0,37.0,1.0,25.0,14.0
HM_2NYY.mut.610_Repair.clean.pdb,0.0,0.0,25.0,18.0,588.0,17.0,13.0,0.0,5.0,0.0,7.0,44.0,1.0,25.0,19.0
HM_2NYY.mut.611_Repair.clean.pdb,0.0,0.0,23.0,16.0,576.0,14.0,9.0,0.0,5.0,0.0,7.0,32.0,1.0,24.0,15.0
HM_2NYY.mut.612_Repair.clean.pdb,0.0,0.0,22.0,19.0,592.0,15.0,11.0,0.0,3.0,0.0,7.0,43.0,1.0,24.0,16.0
HM_2NYY.mut.613_Repair.clean.pdb,0.0,0.0,23.0,14.0,577.0,14.0,9.0,0.0,5.0,0.0,7.0,31.0,1.0,24.0,15.0
HM_2NYY.mut.614_Repair.clean.pdb,0.0,0.0,24.0,16.0,609.0,15.0,11.0,0.0,8.0,0.0,7.0,40.0,1.0,24.0,17.0
HM_2NYY.mut.615_Repair.clean.pdb,0.0,0.0,25.0,18.0,586.0,14.0,9.0,0.0,5.0,0.0,7.0,42.0,1.0,23.0,15.0
HM_2NYY.mut.616_Repair.clean.pdb,0.0,0.0,23.0,15.0,547.0,13.0,6.0,0.0,5.0,0.0,7.0,31.0,1.0,25.0,11.0
HM_2NYY.mut.617_Repair.clean.pdb,0.0,0.0,24.0,19.0,606.0,17.0,14.0,0.0,4.0,0.0,7.0,36.0,1.0,25.0,19.0
HM_2NYY.mut.618_Repair.clean.pdb,0.0,0.0,26.0,13.0,552.0,15.0,9.0,0.0,4.0,0.0,7.0,32.0,1.0,21.0,16.0
HM_2NYY.mut.619_Repair.clean.pdb,0.0,0.0,24.0,14.0,560.0,14.0,10.0,0.0,3.0,0.0,7.0,32.0,1.0,23.0,15.0
HM_2NYY.mut.620_Repair.clean.pdb,0.0,0.0,33.0,13.0,618.0,17.0,11.0,0.0,5.0,0.0,5.0,46.0,1.0,27.0,21.0
HM_2NZ9.mut.621_Repair.clean.pdb,0.0,0.0,34.0,5.0,538.0,17.0,6.0,0.0,0.0,0.0,11.0,43.0,1.0,26.0,18.0
HM_2NZ9.mut.622_Repair.clean.pdb,0.0,0.0,36.0,13.0,585.0,21.0,8.0,0.0,7.0,0.0,10.0,41.0,1.0,28.0,17.0
HM_2NZ9.mut.623_Repair.clean.pdb,0.0,0.0,29.0,9.0,507.0,11.0,7.0,0.0,4.0,0.0,10.0,37.0,1.0,20.0,13.0
HM_2NZ9.mut.624_Repair.clean.pdb,0.0,0.0,41.0,14.0,528.0,20.0,8.0,0.0,7.0,0.0,1.0,30.0,1.0,29.0,20.0
HM_2NZ9.mut.625_Repair.clean.pdb,0.0,0.0,38.0,8.0,548.0,16.0,8.0,0.0,4.0,0.0,10.0,38.0,1.0,27.0,16.0
HM_2NZ9.mut.626_Repair.clean.pdb,0.0,0.0,43.0,11.0,570.0,19.0,8.0,0.0,5.0,0.0,11.0,42.0,1.0,28.0,19.0
HM_2NZ9.mut.627_Repair.clean.pdb,0.0,0.0,42.0,15.0,579.0,20.0,8.0,0.0,7.0,0.0,10.0,40.0,1.0,29.0,20.0
HM_2NZ9.mut.628_Repair.clean.pdb,0.0,0.0,44.0,9.0,580.0,19.0,7.0,0.0,6.0,0.0,10.0,32.0,1.0,30.0,19.0
HM_2NZ9.mut.629_Repair.clean.pdb,0.0,0.0,41.0,12.0,563.0,19.0,8.0,0.0,8.0,0.0,10.0,40.0,1.0,27.0,18.0
HM_2NZ9.mut.630_Repair.clean.pdb,0.0,0.0,44.0,12.0,582.0,21.0,7.0,0.0,7.0,0.0,10.0,42.0,1.0,30.0,20.0
HM_2NZ9.mut.631_Repair.clean.pdb,0.0,0.0,45.0,9.0,575.0,21.0,7.0,0.0,9.0,0.0,10.0,42.0,1.0,28.0,19.0
HM_2NZ9.mut.632_Repair.clean.pdb,0.0,0.0,43.0,13.0,571.0,20.0,11.0,0.0,7.0,0.0,10.0,45.0,1.0,29.0,21.0
HM_2NZ9.mut.633_Repair.clean.pdb,0.0,0.0,29.0,4.0,476.0,16.0,6.0,0.0,0.0,0.0,10.0,37.0,1.0,22.0,16.0
HM_2NZ9.mut.634_Repair.clean.pdb,0.0,0.0,38.0,9.0,573.0,19.0,9.0,0.0,6.0,0.0,11.0,45.0,1.0,26.0,19.0
HM_2NZ9.mut.635_Repair.clean.pdb,0.0,0.0,42.0,14.0,584.0,21.0,8.0,0.0,7.0,0.0,10.0,43.0,1.0,29.0,19.0
HM_2NZ9.mut.636_Repair.clean.pdb,0.0,0.0,43.0,10.0,587.0,19.0,8.0,0.0,7.0,0.0,10.0,41.0,1.0,29.0,19.0
HM_3BN9.mut.637_Repair.clean.pdb,0.0,0.0,22.0,15.0,617.0,14.0,9.0,0.0,0.0,0.0,4.0,34.0,0.0,20.0,17.0
HM_3BN9.mut.638_Repair.clean.pdb,0.0,0.0,22.0,9.0,599.0,13.0,9.0,0.0,2.0,0.0,4.0,36.0,0.0,21.0,18.0
HM_3BN9.mut.639_Repair.clean.pdb,0.0,0.0,22.0,16.0,616.0,13.0,8.0,0.0,0.0,0.0,4.0,36.0,0.0,19.0,17.0
HM_3BN9.mut.640_Repair.clean.pdb,0.0,0.0,23.0,18.0,625.0,14.0,8.0,0.0,0.0,0.0,4.0,36.0,0.0,20.0,19.0
HM_3BN9.mut.641_Repair.clean.pdb,0.0,0.0,21.0,12.0,631.0,14.0,8.0,0.0,0.0,0.0,4.0,35.0,0.0,20.0,16.0
HM_3BN9.mut.642_Repair.clean.pdb,0.0,0.0,22.0,15.0,617.0,14.0,9.0,0.0,0.0,0.0,4.0,36.0,0.0,20.0,18.0
HM_3BN9.mut.643_Repair.clean.pdb,0.0,0.0,22.0,15.0,613.0,14.0,9.0,0.0,0.0,0.0,4.0,35.0,0.0,21.0,18.0
HM_3BN9.mut.644_Repair.clean.pdb,0.0,0.0,23.0,15.0,597.0,14.0,9.0,0.0,0.0,0.0,4.0,32.0,0.0,21.0,17.0
